order_no,mem_no,order_date
277879,109874,2021-04-22
228216,147934,2021-08-23
278420,186392,2022-09-18
234255,120416,2022-07-22
234310,133763,2021-01-11
249536,142230,2022-02-06
237228,105890,2021-10-25
237579,102798,2022-07-31
269845,103962,2021-05-16
270518,167472,2022-04-28
276370,184825,2022-06-21
238060,109181,2022-05-16
251747,111687,2021-02-17
222633,164214,2021-09-03
293700,175773,2021-03-28
284097,187258,2022-04-11
202567,131830,2021-02-12
226750,194151,2022-03-25
285083,188335,2022-02-21
250877,146443,2022-06-14
217621,196018,2021-12-27
208382,195122,2021-07-14
292124,171091,2021-05-03
241003,157106,2021-10-01
215954,104687,2022-02-24
212599,130270,2022-09-28
236338,156101,2022-02-12
211683,149548,2022-02-23
287371,190434,2022-01-28
243113,138178,2021-03-01
200096,172128,2021-12-26
217848,112989,2021-10-19
293667,186752,2022-05-25
293147,144852,2022-06-27
253629,184329,2022-12-30
212162,165809,2022-10-24
260650,127399,2021-02-08
214607,100340,2021-11-04
263348,110203,2022-04-07
234135,181264,2022-09-28
272293,187186,2022-10-15
271870,170366,2022-01-21
235188,171340,2022-04-24
288699,181337,2021-04-17
203233,151258,2021-05-05
275157,118713,2022-03-22
249474,123762,2022-05-31
205841,133832,2022-06-09
282056,148515,2021-10-23
244906,136739,2022-06-23
204773,196157,2022-08-21
289893,101352,2021-01-01
236794,159163,2021-03-05
260940,105483,2022-10-14
264680,141101,2022-03-17
214321,154515,2021-04-20
284262,198059,2021-05-20
245023,171054,2022-07-29
204839,194861,2021-11-04
209005,108233,2022-05-24
264755,191052,2022-07-25
271813,114819,2022-08-29
287926,160278,2022-04-06
278457,129944,2022-05-25
256096,166844,2021-04-23
241229,165512,2022-12-24
230745,109362,2022-11-20
239667,111620,2021-02-23
218003,122073,2021-07-19
236370,178891,2022-09-28
271509,161958,2021-02-08
212182,109837,2022-04-24
299498,121573,2021-11-16
221467,123887,2022-03-13
210691,195512,2022-08-22
263968,106094,2022-02-08
264697,157532,2021-01-12
292626,165707,2022-04-22
234731,147075,2022-08-09
282637,151357,2022-09-28
244406,198632,2021-01-31
255628,145886,2021-06-23
206795,157537,2021-12-10
250218,150342,2021-08-15
254359,166652,2021-03-16
227905,192597,2021-09-30
240458,166160,2022-03-19
290058,191018,2021-11-28
292289,161122,2022-01-21
257919,145086,2022-06-16
228114,166174,2021-01-04
242599,191325,2021-08-25
246907,116387,2022-01-01
291369,180745,2021-11-19
266329,116838,2022-05-04
288115,127078,2021-12-21
272086,151229,2022-03-30
260729,136141,2022-07-02
233519,196344,2021-05-05
281865,181635,2022-10-22
224153,129925,2021-09-03
275448,154502,2021-10-01
259205,117425,2021-09-10
273581,176093,2021-10-09
279063,117012,2022-09-10
268285,172409,2022-11-08
241041,109464,2022-04-08
259195,108109,2022-05-01
211626,157860,2022-12-28
253844,168039,2021-11-19
294599,109880,2021-12-25
233840,188196,2021-09-06
219525,185493,2021-04-16
212314,169361,2022-10-21
250395,136837,2022-11-17
207411,180656,2022-10-20
243885,190224,2021-05-07
247238,146299,2021-06-25
202978,183327,2021-01-07
211506,145464,2022-03-23
240680,178556,2021-12-14
214148,153363,2022-01-19
215097,180382,2021-01-19
276532,151664,2022-07-10
225586,127570,2022-01-20
259904,155579,2022-05-05
260901,155281,2022-12-18
227189,105162,2022-04-17
264138,120734,2021-10-02
218174,157149,2021-03-04
207314,148103,2022-10-15
200806,187862,2021-07-27
263543,102923,2021-05-21
217789,186245,2022-10-11
288519,172975,2022-03-10
236595,137362,2021-12-12
209590,130136,2021-03-07
209294,198756,2022-04-22
295956,176041,2022-11-21
228063,117514,2021-10-13
247405,121294,2021-08-21
247240,131919,2021-09-08
255217,105599,2021-04-12
256905,157648,2021-10-18
274611,163971,2022-05-01
251700,103514,2022-09-14
274031,122592,2022-02-07
232246,101061,2022-11-13
278077,101860,2021-02-15
207341,177197,2022-05-26
254766,189471,2022-03-29
220563,119498,2021-03-26
269113,122788,2021-05-17
285013,117393,2021-09-11
228066,156730,2021-06-19
297553,193250,2022-01-23
240137,132706,2022-01-08
220391,140222,2022-03-07
288402,119083,2022-03-24
211660,129636,2022-07-25
291242,197578,2021-03-18
227483,103824,2022-11-14
232535,139331,2022-09-23
267016,170377,2021-11-02
200895,108524,2022-12-25
289938,147646,2021-01-12
270893,130588,2021-04-15
203641,105919,2022-02-23
229912,152576,2021-03-15
295871,116537,2022-02-21
285854,165591,2022-01-17
262678,163287,2022-02-19
212594,110942,2022-01-01
244207,178320,2021-10-26
269874,159332,2021-11-20
239779,127619,2022-07-21
273811,175016,2022-12-04
255985,177711,2022-12-01
292141,169773,2022-09-18
211957,174777,2021-11-12
283229,109796,2021-02-22
250764,190236,2021-05-01
264848,146894,2021-02-16
296652,128399,2022-09-12
256602,122075,2022-03-04
257213,181098,2021-06-11
247974,137670,2022-03-02
218221,159975,2021-05-19
247168,133273,2021-09-15
216445,184320,2021-10-26
240241,162002,2021-11-09
232790,167845,2021-11-03
224261,149386,2022-04-10
283697,186552,2022-08-03
208711,106640,2021-12-17
257290,144610,2021-01-28
297415,199304,2021-05-29
202435,114731,2022-07-24
221378,170181,2022-06-25
232149,192230,2021-05-23
270948,150995,2022-04-01
249239,116688,2022-04-09
255707,137821,2021-11-24
284947,186070,2021-08-31
251405,108183,2021-01-23
255426,144833,2021-09-11
226920,183843,2021-03-25
295854,187733,2022-04-21
229993,156267,2021-09-04
217088,168408,2022-02-16
236420,119444,2021-05-22
205981,185624,2022-05-05
271780,133987,2022-11-27
248308,122101,2022-10-30
259012,163028,2021-10-07
208575,187197,2021-06-15
208900,197805,2022-06-16
245247,160974,2022-02-05
234784,129317,2021-08-03
226392,111971,2021-07-25
298454,110792,2021-07-16
216723,153299,2021-05-01
289908,171269,2021-10-06
236671,189701,2021-01-17
231038,136779,2022-03-17
244722,182285,2022-06-15
249924,102499,2022-12-09
285547,139019,2022-09-16
203889,148479,2022-08-29
260800,150949,2021-04-25
297427,156218,2021-10-29
273491,134268,2022-04-04
271343,188993,2022-12-23
218857,182937,2022-08-06
237557,131604,2021-04-13
264686,146165,2021-06-22
268471,181294,2022-08-04
295710,181664,2021-05-27
277121,182857,2021-06-18
297521,134095,2021-11-10
205126,175516,2022-08-28
205880,114591,2021-03-18
207176,123354,2021-11-13
230116,156998,2021-05-25
295066,144545,2022-07-09
244341,153490,2021-12-31
286846,134429,2022-10-06
265277,155279,2021-06-17
275906,182418,2021-02-08
205760,173996,2021-04-25
202951,179421,2021-01-24
287943,106554,2021-05-09
231438,116918,2022-11-17
211689,190947,2022-06-11
234571,125942,2022-03-31
249488,111332,2021-04-10
269643,176533,2022-03-28
296227,166497,2022-06-17
279235,128761,2021-10-30
226357,142074,2022-05-14
282200,136253,2021-11-26
289997,180033,2022-04-25
213122,113253,2022-10-20
225898,162150,2021-10-15
212734,177744,2021-08-11
238271,117807,2022-05-24
245045,179441,2021-02-18
241854,185703,2021-07-26
275475,134501,2022-07-25
289983,197078,2021-05-28
243640,195308,2022-07-17
257152,108921,2022-12-16
293376,180305,2022-03-30
237304,125751,2022-08-19
254799,149742,2021-11-21
221548,120222,2021-11-08
255697,126912,2021-04-08
204629,146069,2021-04-07
203814,144606,2022-12-02
285124,139929,2022-06-17
268893,115210,2022-09-23
217426,145020,2021-07-22
210954,139965,2022-07-21
271730,117531,2021-07-17
274459,125393,2021-06-05
234793,102075,2022-05-08
261045,182825,2022-01-05
224407,131028,2022-08-13
215070,136258,2022-10-20
270059,140349,2021-07-14
213133,185142,2022-02-24
287689,108806,2021-08-24
294639,141419,2022-08-23
227739,111746,2021-12-25
208356,103301,2021-04-21
223501,127747,2022-07-19
231126,198327,2021-11-06
230360,160240,2021-03-31
252231,170996,2021-09-15
220263,150566,2021-04-15
294723,139302,2021-11-04
251568,137306,2021-04-28
265662,123481,2021-10-04
255567,129034,2022-02-18
292054,190893,2022-05-17
211690,179085,2022-12-24
284727,151349,2021-10-28
274308,185595,2021-08-22
221887,152844,2022-04-27
279646,179072,2021-12-15
232106,193294,2022-02-18
272244,144845,2022-09-04
272194,143678,2022-07-22
237860,190807,2022-10-31
226592,160738,2022-02-12
231328,112436,2021-04-29
258727,181773,2022-09-05
200574,141322,2022-06-14
211752,138970,2022-06-11
208494,191566,2022-05-07
240022,141079,2021-04-22
254615,123566,2021-03-31
276897,101780,2022-01-13
204023,117817,2022-01-08
252193,177128,2021-09-08
233160,108532,2022-02-14
277315,158558,2021-04-30
231530,138417,2021-01-25
203961,155858,2022-02-26
210463,149799,2022-08-23
271585,170216,2022-10-18
293121,117888,2021-11-29
256935,170448,2022-01-19
276199,127026,2022-09-06
250228,141798,2021-12-30
241283,195694,2021-01-07
255319,154477,2022-05-09
247898,194078,2021-07-18
279355,131241,2022-04-28
210867,142760,2021-10-15
207133,107052,2021-03-31
207038,121910,2021-03-25
219651,171741,2022-01-02
223129,172060,2021-03-26
297534,158177,2022-12-31
288326,114270,2021-11-18
258015,152030,2022-12-22
217410,171183,2022-06-11
209872,111591,2022-02-16
274603,189412,2022-06-24
253798,122308,2022-09-01
220804,105193,2022-03-11
296136,197805,2021-11-24
262160,131972,2022-10-01
230427,144558,2021-10-24
272977,166129,2021-04-13
221823,173956,2021-08-07
298100,147762,2022-04-28
287508,182642,2021-05-22
227771,111909,2021-12-18
288013,163724,2022-10-08
246632,172305,2022-06-11
236794,168565,2022-06-24
285851,124761,2021-05-15
284341,154747,2021-03-02
200222,136459,2021-07-27
226193,118905,2021-04-29
250358,162926,2022-08-16
251230,105267,2021-10-06
266633,155184,2022-06-04
274933,172506,2022-12-26
203351,167087,2021-11-13
200694,114060,2021-01-14
248503,187373,2022-11-16
297338,178843,2021-01-05
284151,123715,2021-07-18
216097,124608,2022-03-25
246577,192627,2021-11-19
281193,109158,2022-05-29
208237,199109,2022-03-03
275745,103716,2021-10-06
200344,185648,2021-02-24
248055,189202,2022-10-01
266946,189610,2021-01-12
271696,139846,2022-12-25
247938,127905,2022-02-17
220693,146810,2021-07-19
255640,188156,2021-12-13
200719,110592,2021-07-19
206406,166100,2021-03-15
292559,126009,2021-04-10
269137,199687,2022-03-22
290956,170594,2022-05-01
289493,106879,2022-04-19
297123,111894,2022-02-07
290290,150411,2021-02-13
207325,178415,2022-02-26
216112,149644,2022-05-28
237082,101951,2021-02-09
210032,124720,2021-01-09
215773,180053,2022-11-14
270334,155290,2021-02-20
214733,166980,2021-11-02
283205,106105,2021-09-29
213686,103999,2022-01-03
223751,167345,2021-06-08
229562,167171,2021-11-11
226894,169397,2022-06-14
234895,166414,2021-12-24
295471,141855,2021-02-09
220175,176730,2021-01-26
285254,143537,2021-12-11
279573,110827,2022-02-21
230582,173787,2021-09-28
215997,160243,2022-10-07
211085,172682,2021-12-01
222620,161983,2021-10-10
266584,172773,2021-10-06
244507,108969,2022-05-19
201944,179717,2021-03-06
278594,103580,2022-03-19
291402,183489,2022-05-06
213706,176009,2022-11-01
289410,175218,2021-01-12
280283,179492,2022-03-14
205752,170432,2022-09-02
232753,169950,2021-02-09
216752,109529,2021-11-25
212684,116694,2022-11-22
209572,164585,2021-04-20
280480,144163,2022-03-19
296331,128873,2022-12-06
259612,199867,2021-05-31
227859,163073,2021-06-08
278306,102826,2022-03-02
260882,167712,2021-03-17
237077,189377,2022-07-14
238793,193815,2021-01-06
277262,181441,2021-07-01
261562,135925,2022-08-03
263691,198698,2021-10-12
258356,122409,2021-09-07
265556,195146,2022-05-22
248250,135368,2022-05-24
249948,166210,2022-02-07
226089,186332,2022-10-05
273001,186795,2022-12-18
240499,180759,2021-10-10
285177,180114,2022-09-19
255003,178359,2021-10-14
213923,117993,2021-01-22
206950,174239,2022-05-06
271341,119201,2021-04-20
291499,134961,2022-08-02
242283,104540,2022-09-24
226768,167031,2022-04-07
209250,135210,2021-12-27
295527,106037,2022-07-01
269833,100159,2022-12-19
265519,133641,2021-09-07
290811,136800,2021-07-22
261435,137401,2022-11-17
246246,195349,2022-03-22
222401,159056,2021-04-15
202924,181903,2022-09-12
268904,132698,2021-06-29
269778,123958,2022-08-19
205846,176129,2022-11-29
225870,112911,2021-03-07
261150,127101,2021-08-09
246792,150830,2022-06-02
254909,198046,2021-04-11
252164,180981,2022-12-08
273075,159020,2021-03-12
261180,135645,2021-07-06
258195,193287,2022-01-25
216407,158048,2021-10-28
264379,162260,2022-06-28
224836,124814,2022-06-22
214640,124276,2021-08-21
257530,146377,2022-03-27
209208,188801,2022-01-12
252060,121110,2021-04-07
294427,164007,2022-04-24
244845,114707,2021-08-07
206221,179344,2022-01-30
285323,182244,2021-02-03
251426,178218,2021-07-27
221814,120521,2021-09-01
238310,132230,2022-04-08
246600,137915,2021-08-21
233093,141728,2022-09-10
211613,197225,2022-03-27
293427,197275,2021-08-03
244189,177209,2022-10-25
251302,108675,2021-03-02
265343,152157,2022-10-29
274193,167589,2022-06-29
282368,189179,2022-05-27
217163,103210,2021-03-26
224293,113285,2021-08-01
290495,179125,2021-01-21
286430,147111,2022-11-12
294303,175238,2022-06-05
263443,156224,2022-01-26
242323,168012,2022-12-21
291810,180453,2021-12-01
245272,114004,2022-04-26
297993,149396,2022-11-05
298002,191101,2022-10-17
227752,138759,2022-09-22
237797,175998,2022-02-01
221471,183654,2022-06-13
262630,143263,2021-04-15
286074,119594,2021-10-04
264195,157758,2021-09-25
203076,134450,2022-08-03
209002,148627,2021-12-07
277725,105425,2021-05-26
236327,106575,2022-12-14
251498,111321,2022-05-10
200509,177955,2022-08-13
289973,188026,2022-01-31
271038,111711,2022-08-20
206480,101160,2021-12-29
274219,114829,2022-06-24
289675,118652,2022-01-02
274906,184063,2022-01-16
288563,126472,2021-07-26
297728,120540,2022-04-13
297265,177556,2021-03-28
201360,161622,2022-07-28
201156,170783,2021-12-18
240250,144444,2022-09-20
293986,168577,2021-01-11
247894,175121,2022-02-20
211915,194376,2021-07-22
221135,140647,2022-06-16
204570,130689,2021-05-27
261539,140280,2022-02-28
298307,196549,2021-04-15
269156,172031,2022-12-08
259497,106053,2022-05-17
247358,115351,2021-07-25
270615,164738,2022-07-26
260690,124592,2021-06-15
288014,175368,2021-03-12
250670,106489,2021-03-03
233115,110512,2021-03-02
263741,105262,2022-11-28
200755,169987,2022-04-08
261310,133526,2022-12-09
283860,107846,2022-03-24
274323,153117,2021-02-25
229901,138525,2021-06-03
213471,169827,2022-06-22
209720,117439,2021-03-08
237715,127959,2022-06-01
208730,103178,2021-09-20
255802,184912,2022-04-18
218078,156109,2022-12-22
232071,117628,2022-04-08
273707,142947,2021-03-16
282162,173367,2022-08-31
232952,167737,2021-06-23
222539,134833,2022-06-15
233016,100254,2022-05-24
298990,199778,2022-11-01
201955,148122,2021-03-16
251541,132008,2021-09-14
244673,158741,2022-05-01
282170,164021,2022-10-01
291798,135305,2022-01-26
233326,197640,2021-07-21
222562,192276,2022-09-24
229790,120957,2021-11-01
220148,102470,2021-02-04
277772,113529,2022-09-27
271728,111753,2021-03-03
237323,166288,2021-06-30
261948,194801,2021-08-05
262282,198575,2022-01-17
273741,101611,2022-03-31
223028,170822,2021-10-28
222932,160798,2021-09-09
265597,110275,2022-06-27
286346,157893,2021-01-27
247860,134317,2022-02-01
275807,125711,2022-08-25
246079,198653,2021-03-18
265681,114452,2021-11-17
243578,190212,2022-02-18
261534,169329,2021-03-03
234996,142574,2021-12-02
279119,177087,2022-04-29
244692,150085,2021-06-24
204900,180347,2022-10-24
243422,118672,2021-08-22
210476,192095,2022-03-01
294753,151965,2022-01-21
271102,158821,2022-09-15
270982,160986,2021-12-31
272834,192757,2022-09-23
221465,115124,2021-03-16
279003,125973,2022-04-06
266995,143653,2022-05-15
249155,183912,2022-05-13
296055,179918,2021-03-23
290537,161488,2022-05-26
214710,127860,2022-03-06
269899,172047,2021-11-26
259580,125329,2021-07-05
271005,142806,2022-08-26
274214,136065,2021-07-26
288925,143861,2022-04-30
252445,176099,2021-03-04
231312,153759,2021-07-14
297809,135021,2021-01-07
296938,177871,2022-07-18
247436,132956,2022-03-17
224563,100923,2022-05-21
276562,146050,2021-09-14
267298,171520,2021-04-26
234795,163452,2022-04-11
297609,104297,2022-08-04
268203,110061,2021-01-01
244214,166953,2022-05-11
281176,191419,2021-05-20
290995,142188,2021-09-24
202110,136373,2021-02-03
270582,115313,2021-09-12
201519,107583,2021-01-02
201880,168612,2022-07-06
221652,127331,2021-09-23
219551,127804,2022-11-26
227416,127878,2021-04-13
212958,150894,2022-11-02
235742,104678,2021-04-11
266715,179089,2022-02-18
271451,101366,2022-08-12
231868,108680,2021-01-19
218594,119524,2022-01-30
265536,143640,2022-10-10
275645,182909,2022-12-03
205823,118438,2021-02-10
239854,174327,2021-07-22
218912,131663,2021-05-28
234303,194216,2021-05-08
216263,133030,2021-01-05
210116,195099,2021-12-23
270394,111514,2022-07-03
221137,175329,2022-03-09
209675,157015,2021-10-14
262493,187474,2022-11-02
289344,126443,2021-03-21
261702,152133,2022-02-05
265464,100485,2022-09-05
207856,174667,2021-12-10
262572,103870,2022-07-18
258761,165845,2022-09-26
215823,124878,2022-09-18
281946,163797,2021-02-07
268181,146871,2022-11-29
202944,165887,2022-06-05
201787,109127,2021-05-02
204650,190530,2021-06-27
223593,113689,2022-05-25
289502,168468,2022-10-13
227711,110189,2021-09-07
249791,123315,2022-11-26
243454,160340,2022-06-29
282534,157756,2022-01-13
242265,148104,2022-03-13
255389,110720,2021-08-23
245289,124664,2022-04-28
295555,177190,2021-10-22
287433,155145,2022-11-26
212331,153169,2021-01-27
295454,126011,2022-10-04
274179,133166,2021-02-03
288542,154912,2021-11-26
278794,179030,2021-03-27
226645,195376,2022-07-27
246551,160231,2021-10-20
288509,148358,2021-07-21
258330,169385,2021-11-13
208058,126877,2021-11-18
274149,123096,2022-05-27
294636,194683,2021-08-17
212117,170558,2021-02-10
256721,167442,2022-06-26
250673,145845,2021-11-04
246978,108555,2022-05-21
232235,148039,2021-04-16
248464,136071,2021-05-21
208292,123128,2021-05-14
288186,109801,2021-07-20
214429,151596,2021-02-02
271029,103668,2022-02-22
264626,118149,2021-09-13
219380,173127,2022-11-29
206338,179689,2022-07-03
212347,152701,2021-03-02
270590,122370,2021-10-10
239997,113890,2022-09-16
248918,105049,2021-03-15
211434,186714,2021-12-27
242738,189445,2021-02-06
240892,162654,2021-01-12
228693,155688,2021-05-13
293345,187236,2022-11-04
200519,154882,2022-05-13
202876,163353,2022-07-15
210667,167682,2022-09-27
276238,198471,2022-11-13
222342,130246,2022-07-15
230958,109851,2022-04-03
298858,108661,2022-08-14
246333,176441,2022-07-02
262613,125931,2021-11-18
283139,163326,2022-03-05
246100,135987,2022-09-10
261114,156968,2021-10-17
245292,185291,2022-06-23
234174,167820,2021-11-03
232266,112724,2022-12-21
267236,143976,2021-02-11
297715,188001,2021-04-08
282832,105603,2022-10-29
234270,198205,2022-07-03
276433,182915,2022-06-10
259378,155752,2021-07-30
269816,122596,2021-08-29
229435,152687,2021-09-17
218450,151210,2021-01-13
238730,159743,2022-12-06
278215,199410,2021-04-13
225338,178712,2021-02-10
206172,199504,2021-02-03
275422,129657,2022-01-31
223682,142113,2021-01-17
295283,135578,2022-11-06
260611,108554,2022-07-27
233495,154765,2021-06-25
294564,127105,2022-10-07
277221,118959,2022-11-30
274103,123876,2021-02-25
234971,100884,2021-03-18
205521,157674,2022-04-18
282101,131445,2022-06-16
255391,100820,2021-09-11
283217,197084,2021-11-12
266991,187929,2022-12-29
280103,129056,2022-12-14
268631,109835,2021-12-17
259228,164129,2022-05-27
269823,146217,2022-04-06
255487,132677,2021-03-17
268831,178412,2021-09-26
279350,149784,2021-11-29
263650,136218,2021-12-01
236929,194808,2022-04-23
241293,113321,2022-11-27
223977,197437,2022-09-09
257812,120914,2022-01-16
294248,136015,2022-09-22
203077,124608,2021-09-30
271171,171581,2022-01-18
230117,110497,2022-12-27
214513,183564,2022-11-06
245055,173693,2021-03-20
218285,119265,2022-01-15
247683,119741,2021-09-05
234697,149619,2022-08-22
202132,144600,2022-12-04
294587,178273,2022-11-14
240198,113357,2022-09-03
286315,150048,2021-01-25
235385,100553,2021-11-13
251161,148918,2021-03-05
298013,128710,2021-12-31
275706,149386,2021-05-09
216358,122764,2022-09-03
281838,156928,2022-10-23
299789,152591,2022-06-02
205186,188624,2022-11-17
233497,143978,2022-08-03
291626,198381,2021-05-12
277750,167306,2022-05-28
256997,132429,2021-11-14
228443,190653,2021-04-20
270025,181786,2022-10-07
264652,159998,2021-01-14
253533,180889,2021-08-03
206252,177523,2022-04-27
289773,190221,2022-12-20
263738,171574,2022-09-25
240146,107952,2022-07-31
215848,189327,2021-01-17
228020,182561,2022-06-10
225356,191694,2021-07-06
223964,107054,2021-12-01
272065,103347,2021-01-06
281246,126792,2021-05-11
237038,151918,2022-08-27
232903,146435,2022-04-08
244781,114737,2022-05-06
202117,194015,2021-04-26
276590,141015,2022-06-12
218435,133947,2021-11-23
235650,113422,2021-11-08
225479,196817,2021-11-02
279809,131987,2021-10-29
226276,148299,2022-03-10
238072,142926,2021-11-10
230433,141017,2021-05-02
259598,181353,2022-01-30
258281,166728,2021-06-10
232264,186552,2022-05-19
282370,194826,2021-02-24
251581,163878,2022-12-12
294000,193295,2021-05-24
273455,176430,2022-02-28
228107,158534,2021-06-18
297170,131937,2022-07-30
268204,188339,2021-04-13
295008,116096,2021-04-06
220618,127804,2021-01-17
295240,109477,2022-05-14
283204,102555,2021-08-12
203783,126212,2021-05-31
254238,108205,2022-01-07
287867,107997,2021-01-27
222859,125445,2022-02-20
254711,104387,2021-11-09
248199,162254,2022-04-10
274954,133173,2022-01-25
227972,179247,2022-07-20
226005,166172,2022-12-17
267848,128658,2022-10-23
248349,144422,2021-04-14
275654,165930,2022-01-01
291629,153652,2022-12-27
236391,166341,2021-07-25
247071,108730,2022-01-06
214946,171842,2021-05-05
251824,149640,2021-06-25
223371,185562,2021-12-01
286587,147128,2022-07-25
235123,162693,2021-06-20
275796,199152,2022-12-22
255897,176022,2022-10-07
241160,171659,2022-10-21
212658,106321,2022-09-14
220133,123934,2022-12-29
299068,178127,2022-09-25
255353,132378,2021-07-01
201532,108295,2021-01-09
256534,177787,2021-02-04
229101,135070,2021-10-17
227383,138071,2022-07-19
271231,127386,2022-01-21
252630,113028,2022-04-28
258643,181035,2021-09-30
256890,109175,2022-10-31
208486,109699,2021-01-25
270145,182335,2021-01-09
279414,174270,2022-03-10
242777,159266,2021-09-15
255654,127427,2021-04-11
232186,163895,2021-11-05
209146,126465,2022-10-13
210669,129946,2021-12-14
248351,182065,2021-03-01
244263,145052,2021-10-12
299395,122099,2021-05-25
203863,102070,2022-03-01
249928,114108,2022-09-17
241703,179880,2021-11-15
279728,137056,2022-06-25
221919,106183,2021-12-24
249919,159583,2022-06-29
231060,184087,2021-02-23
231783,116061,2021-06-05
283430,105083,2022-03-31
241506,169774,2022-09-10
203071,115538,2022-03-08
201413,138736,2022-10-11
291935,195100,2021-05-06
219735,115567,2022-08-31
287015,127481,2022-08-06
271636,164423,2021-09-12
222998,138897,2022-09-02
257832,147236,2022-11-13
236242,175482,2022-11-28
267582,135806,2021-06-21
281691,100644,2022-04-22
286990,196448,2022-01-11
291481,177696,2022-05-03
253168,168265,2021-06-20
281243,182325,2021-02-21
276451,136086,2022-05-01
254003,161121,2022-03-28
221454,102756,2022-06-21
258321,152097,2022-09-26
212770,195577,2022-05-19
237767,180538,2022-02-25
207890,112483,2022-11-11
280680,141445,2022-11-05
297347,166155,2021-06-10
228149,153394,2022-10-05
256633,113240,2022-12-28
295846,137060,2022-06-14
246700,186246,2021-12-26
206728,166113,2021-06-01
275027,179476,2021-10-17
238289,138796,2021-01-02
232651,182704,2022-04-12
209331,175274,2021-09-10
242646,123430,2021-08-06
259775,107429,2022-10-25
236413,107522,2022-11-07
222335,169663,2022-02-14
215604,124772,2022-04-19
233117,192091,2022-06-27
274078,165759,2021-05-10
254682,134504,2021-10-20
269634,155002,2022-04-30
236070,156603,2022-06-29
255742,150051,2021-08-11
229034,141195,2022-11-22
215139,125981,2021-04-04
273766,193356,2021-05-13
217420,123556,2022-08-07
250175,150456,2022-04-28
255648,111881,2022-11-08
220387,126893,2021-11-23
207166,106242,2021-12-08
257548,183293,2021-08-02
261522,178782,2021-07-26
216419,117719,2021-08-29
255877,112300,2022-02-12
257915,193207,2022-12-04
263553,191881,2021-11-07
267215,151335,2022-09-28
246386,168924,2021-04-23
211170,159972,2022-08-21
273104,191946,2021-07-29
238205,185306,2021-01-31
236622,168363,2021-07-02
236537,121801,2021-12-22
282827,137503,2022-05-30
211392,150060,2021-04-26
247175,176462,2022-06-11
226659,100223,2022-03-18
228126,107167,2022-07-28
221961,149258,2021-11-05
276344,131580,2022-07-28
266044,158902,2022-06-11
202899,153790,2022-09-08
243477,193079,2022-11-03
203372,126125,2022-10-15
208730,144889,2021-09-16
299795,159938,2021-11-19
228446,113106,2022-07-26
274450,194926,2021-11-19
226416,105344,2021-12-27
280448,139943,2022-01-21
277206,116183,2022-05-07
234747,134964,2022-08-29
270548,146857,2022-02-08
223163,181654,2022-08-25
295739,168008,2022-07-24
248735,128953,2021-12-08
267855,140732,2021-11-30
297022,118848,2022-07-16
282774,195631,2021-04-12
240895,146097,2022-01-05
203735,190754,2021-07-30
270606,137016,2021-04-02
282583,129231,2022-05-08
224491,133661,2021-07-30
226668,106469,2021-10-31
296006,176597,2022-07-19
277894,170692,2022-12-01
203166,112911,2022-05-05
277129,176341,2022-11-13
276025,167315,2021-07-07
237227,103197,2021-09-18
253590,130994,2021-10-08
279370,170164,2022-03-17
278176,171901,2022-11-06
293265,188669,2022-04-18
254890,131705,2022-11-18
230946,102758,2021-06-07
273363,197730,2022-05-18
233455,196452,2022-05-01
275416,168064,2022-09-10
269912,187703,2022-03-09
271560,186482,2021-07-12
277071,179225,2021-01-05
242635,124749,2022-12-03
268559,179239,2021-06-05
231362,182400,2022-03-13
243959,133775,2021-01-11
230629,110539,2021-08-18
219725,151740,2022-01-26
292514,138270,2021-09-03
233597,125845,2021-05-09
286360,189997,2022-03-20
275387,145485,2021-10-26
297706,195741,2021-04-26
202409,180918,2022-11-17
252187,195094,2021-06-22
287223,116504,2021-06-04
227655,139025,2022-12-22
244455,100448,2021-09-03
239256,161832,2021-12-08
231448,149688,2022-05-24
277193,150104,2021-11-28
270058,138237,2021-04-28
228388,164649,2022-08-15
201790,118538,2021-04-14
228492,152164,2021-09-07
202590,172462,2022-10-01
221394,149480,2022-01-31
288293,193490,2022-05-27
229107,161696,2021-01-05
209304,191967,2022-04-16
227065,113684,2021-05-11
223054,153889,2022-09-15
277538,188857,2022-06-25
229282,120090,2021-11-14
270015,159273,2021-01-11
278308,159592,2021-04-10
224553,174890,2021-08-02
245250,147157,2022-09-27
261256,132932,2021-09-02
248103,107813,2022-07-17
276441,125761,2022-01-26
243881,139431,2021-08-17
214043,190101,2021-02-16
218036,159474,2022-11-13
286284,188828,2022-12-19
291471,169419,2021-04-29
266622,167479,2022-07-16
207459,112335,2021-02-04
254290,147154,2021-08-26
260182,181759,2022-04-12
227068,180245,2021-02-01
201001,189997,2022-09-16
273082,114919,2022-03-07
258905,101003,2021-01-22
248106,152614,2022-04-13
248845,114603,2022-05-04
222709,199978,2021-11-03
290220,134655,2021-08-11
228700,127949,2021-01-04
236759,159175,2022-08-24
284363,137235,2021-07-12
215643,155703,2022-06-04
245306,145062,2022-06-20
223140,115712,2022-01-16
230835,131614,2022-01-02
258472,160661,2022-12-09
243983,103219,2022-01-04
265755,110031,2021-05-07
285018,117041,2022-07-17
216369,106018,2021-11-20
265395,188872,2022-03-25
214775,134772,2022-11-15
220041,168914,2021-03-03
286314,153046,2021-10-10
258025,101765,2022-10-11
203697,131467,2022-01-24
258577,197821,2021-03-15
204259,106626,2022-07-11
234012,183188,2022-07-21
284174,176372,2021-07-02
287772,178264,2022-09-30
273164,116862,2021-06-21
260480,186180,2022-12-07
272222,140012,2021-06-24
297675,157497,2021-09-22
253404,130713,2021-05-03
277751,139353,2022-03-24
212066,107084,2021-09-03
218750,188085,2022-04-24
235709,178684,2022-03-02
238129,170703,2022-05-23
282049,171948,2021-01-19
244491,129387,2022-10-15
203111,175192,2021-01-30
294617,125377,2022-12-27
211513,161939,2021-04-16
232100,125916,2022-07-02
273471,177153,2021-07-19
208636,171317,2021-12-27
275135,155256,2021-01-02
276612,170736,2022-08-25
269913,107733,2022-04-06
250649,113489,2021-03-15
276251,193315,2021-02-23
272010,120134,2022-09-01
287032,196166,2022-10-07
201059,156859,2022-11-27
207281,197775,2021-10-24
214942,139257,2022-09-30
294927,194979,2022-04-12
200543,168948,2021-09-24
229886,176843,2022-11-15
283723,198314,2022-11-19
226318,186220,2021-12-22
243873,179600,2022-01-04
274590,111830,2021-01-06
256931,129670,2022-06-08
263250,188187,2021-04-28
262044,128065,2022-09-07
200526,113855,2022-10-15
223051,108438,2022-02-04
295091,176126,2021-01-22
238218,166139,2022-10-02
240503,148758,2021-01-26
208489,160959,2021-03-19
282679,110132,2022-03-25
286569,191406,2022-06-17
274101,134565,2022-06-13
283318,189092,2021-06-23
227152,149652,2021-10-28
238171,190649,2021-10-12
229276,174665,2022-08-21
292746,197946,2022-09-11
265176,145518,2021-09-11
298517,118681,2021-10-31
241423,177733,2022-03-18
296903,105744,2022-11-12
264117,133144,2021-08-29
267461,161067,2022-03-19
243388,119031,2022-07-21
252196,180121,2021-03-03
242858,126948,2022-07-09
227010,161709,2021-01-22
263508,156917,2021-10-03
265126,180874,2021-07-16
296775,144784,2021-05-18
285755,165058,2021-07-01
254223,161644,2021-05-27
226195,132358,2022-12-02
275068,197998,2022-03-01
266012,197900,2022-06-15
258143,187931,2022-05-28
294981,133326,2022-01-26
291944,152643,2022-08-19
288049,104428,2022-04-18
267180,124557,2021-11-14
236978,184289,2022-05-21
253444,102547,2022-08-22
225551,139395,2022-11-04
212465,133378,2022-08-22
215110,159963,2021-10-02
232779,173880,2022-06-01
220411,117413,2021-07-23
203064,127451,2021-04-13
256565,188897,2022-02-12
227834,146452,2021-11-04
299256,136157,2022-08-07
274494,159892,2022-04-23
209142,168933,2021-10-06
283313,198822,2022-02-01
200717,143704,2021-06-20
248105,131989,2022-11-24
229361,156557,2022-06-25
274629,154199,2021-12-29
229364,171887,2022-04-26
265644,102426,2022-05-09
235984,195683,2021-03-14
245027,122505,2021-08-23
208619,105501,2021-11-19
282332,184107,2022-12-31
298903,160091,2021-11-30
296148,152493,2022-05-14
276600,185402,2022-01-13
288100,115611,2022-07-28
264163,115622,2021-11-09
276494,170622,2022-05-29
235346,131829,2021-04-14
213471,164086,2021-06-10
256491,120057,2022-11-02
222135,146965,2022-03-12
254754,145844,2021-03-10
252379,170926,2022-09-04
265513,175084,2022-05-09
271758,199347,2021-09-20
236206,190754,2022-12-29
206438,101204,2021-10-20
253100,166097,2021-12-05
252599,159515,2021-09-17
214956,191143,2022-08-20
237218,180438,2021-05-26
262738,127741,2022-02-11
207399,189697,2022-10-01
273284,128732,2022-03-11
271369,150121,2021-02-08
221779,122237,2022-05-14
206946,100736,2021-12-24
282776,114586,2022-05-30
253294,169859,2022-06-19
224282,165279,2022-04-28
278717,128073,2021-11-02
297430,196855,2021-02-23
269244,185877,2022-12-26
296511,182419,2021-12-29
293390,161265,2021-04-01
263943,170136,2022-08-12
247543,160395,2022-11-27
228430,178696,2022-06-16
201223,171563,2021-07-01
284103,173789,2021-02-21
227290,186065,2021-01-05
257631,191481,2021-03-25
255346,100942,2021-02-27
262197,110783,2021-10-07
214016,158946,2022-08-15
258787,109942,2021-12-12
265902,108662,2021-06-17
236046,105072,2022-03-28
247616,190053,2022-04-05
236815,188299,2022-07-27
250413,176731,2022-04-29
261166,168080,2022-01-20
209799,134620,2021-06-17
218808,146662,2021-09-21
215384,190847,2022-09-27
267937,188157,2022-07-15
249011,101544,2022-01-20
284873,156232,2022-05-02
242777,185192,2021-11-02
272953,149342,2021-01-19
220739,190060,2022-05-21
294203,151309,2021-07-22
219195,181440,2022-10-31
274387,172321,2021-11-17
259548,198402,2022-01-16
229997,143721,2022-11-09
217487,169126,2021-10-27
277271,132456,2021-07-01
209208,130833,2022-05-14
276477,196659,2022-11-04
234401,149802,2022-05-08
267614,126838,2022-05-13
278187,157089,2021-01-18
235762,114712,2022-04-12
293383,132982,2022-02-14
242351,183256,2021-02-19
286509,153381,2021-02-22
217751,177636,2022-04-28
235927,146150,2021-11-27
246895,178973,2021-08-22
245906,184891,2022-11-02
240191,195217,2022-03-03
219948,178620,2021-05-01
247526,109237,2021-01-07
208621,193718,2021-11-13
253559,170905,2021-11-22
203018,145688,2022-06-06
235979,163852,2021-04-23
202729,131620,2022-11-03
266129,186073,2022-11-09
235144,118517,2021-03-24
210016,183905,2021-05-11
210101,137496,2022-06-09
230314,198195,2021-12-15
218388,144624,2022-08-06
230130,156111,2021-01-19
299375,113888,2022-09-06
248021,132239,2022-01-09
279943,110631,2022-08-20
216828,160581,2021-10-01
248584,175018,2022-10-11
216034,123745,2022-10-11
216481,183051,2022-03-31
232227,137748,2021-04-15
259638,114398,2022-03-01
259744,168289,2022-03-28
291578,132287,2021-09-30
209293,159246,2022-07-08
241108,159696,2022-07-07
244974,167335,2021-02-17
227286,157558,2022-07-31
202904,156477,2022-03-26
272169,163131,2021-02-16
213807,109297,2022-02-06
201459,194542,2022-09-25
269126,113507,2022-09-14
250486,114319,2022-06-20
240320,166630,2021-07-16
243089,144192,2021-12-16
263278,109730,2022-07-01
283154,122791,2021-12-17
274892,170860,2022-02-17
251212,157495,2022-06-10
284561,157517,2022-08-05
238016,188410,2022-09-21
244769,172829,2022-07-12
258940,171589,2021-03-06
235219,189984,2021-09-14
256776,117393,2021-11-12
249868,148811,2021-10-29
247089,112433,2021-04-22
285814,142640,2021-09-23
238494,188884,2022-11-25
244891,130848,2022-12-06
227823,106786,2022-07-12
249946,101857,2022-06-05
205941,115634,2022-10-23
209104,139998,2021-11-05
297640,138431,2022-08-23
252901,190768,2021-11-04
217285,111626,2022-08-16
281087,156623,2021-08-02
238702,117782,2022-04-15
233317,114118,2022-12-31
223114,130380,2021-01-13
297701,124579,2021-03-02
208806,105570,2021-12-24
259978,139246,2022-08-05
262269,168318,2021-12-04
223003,198316,2022-06-30
265262,120340,2021-09-25
247195,114632,2022-10-27
224949,191184,2021-03-02
265729,111112,2021-11-30
250763,185422,2022-04-06
265870,179567,2022-06-28
294725,128590,2021-06-28
294001,128465,2022-10-31
238907,114674,2022-06-08
217520,185251,2022-01-09
218184,160655,2022-02-15
292511,118399,2021-07-07
231897,105160,2022-04-18
225294,193771,2022-04-09
279085,152624,2021-06-05
206326,192250,2022-02-19
222218,169464,2021-04-13
278479,173179,2021-06-29
272046,128160,2021-08-16
264412,105786,2021-04-08
274015,161306,2021-10-06
241220,151270,2021-08-22
239083,108611,2021-07-29
225207,176547,2021-11-01
282179,168138,2021-01-10
234461,119674,2022-04-12
208100,158907,2022-01-05
250909,157692,2021-04-14
289724,166626,2022-06-27
223273,103744,2022-08-02
224137,191943,2022-05-13
241891,175089,2022-10-27
231292,173287,2021-08-25
275782,148625,2022-11-05
277498,183767,2022-07-12
271527,136209,2022-04-12
231969,100660,2022-08-17
214822,148176,2021-03-23
218846,104528,2021-06-25
245611,178569,2021-02-21
225692,157829,2021-09-10
255555,197339,2022-12-29
203258,158341,2021-11-21
270625,174973,2021-05-13
215663,116284,2022-10-09
271909,143528,2021-09-17
214520,137608,2021-12-13
282578,175169,2022-10-06
211611,104753,2021-05-23
204660,124025,2021-09-03
249942,100460,2021-02-06
263593,122684,2022-04-01
276927,106052,2022-11-30
277380,183956,2021-03-12
252635,109885,2022-11-11
282852,163831,2022-11-15
201260,186860,2021-10-11
279383,100499,2022-09-21
248563,176665,2022-10-17
279684,123896,2022-08-07
287878,106205,2022-05-27
293535,182309,2021-06-30
224684,198436,2021-03-31
235256,195965,2022-10-12
217949,142166,2021-01-15
263498,193859,2021-09-13
277187,143191,2022-03-19
218761,150445,2022-12-28
225684,151080,2022-12-09
259616,111012,2022-05-26
259720,184293,2022-07-08
221389,127964,2022-08-29
216403,132187,2021-07-04
228645,191144,2021-07-21
274077,114576,2022-12-09
299529,149683,2021-06-22
255643,145625,2021-01-12
204247,138407,2022-12-24
243146,182746,2022-03-11
279240,134762,2022-01-26
298755,180384,2022-08-08
223478,133186,2022-12-01
243364,126861,2022-08-07
292921,171664,2022-07-01
216636,146197,2021-09-01
216879,149799,2021-05-07
248114,113816,2021-03-26
289585,100195,2021-02-27
289681,131121,2021-06-23
227151,140265,2022-03-09
276242,181031,2022-12-22
290401,115180,2022-08-20
211662,111261,2021-11-23
274682,143818,2022-07-05
232850,120221,2022-05-20
247183,163581,2022-03-02
252666,182359,2021-03-30
224002,187437,2022-07-15
249539,115098,2022-02-10
234284,174986,2022-01-25
288613,124005,2022-05-08
241033,167866,2021-11-12
211885,184261,2022-08-23
271880,130082,2021-09-26
280331,119650,2021-03-27
246495,108769,2021-10-22
264600,101953,2022-03-11
260976,188379,2022-08-30
252684,189786,2021-12-13
280053,198923,2021-03-02
228399,141666,2022-06-22
238007,165080,2022-01-02
236602,130963,2022-09-23
225349,107652,2022-04-28
252932,150693,2022-01-29
206108,134608,2021-04-24
220057,117787,2021-08-23
244032,143830,2022-04-07
278545,123659,2021-03-10
287697,184361,2022-04-19
279700,113195,2022-06-06
293413,119242,2021-02-12
247706,174659,2021-12-13
240839,120814,2022-03-31
259809,119840,2022-11-11
265101,149561,2022-09-11
290953,112126,2022-11-29
249185,164720,2022-11-14
208457,159965,2021-01-22
208691,178657,2021-08-19
299040,122923,2022-04-11
285372,128419,2022-02-22
291688,199549,2021-10-01
281525,149473,2022-12-23
250523,122885,2022-03-17
219697,118345,2021-09-10
269454,148401,2022-09-21
278059,139185,2022-09-10
237586,198759,2022-05-30
281097,127990,2021-03-10
249076,181102,2022-08-13
251970,167569,2022-06-24
213755,119409,2021-02-01
252197,117854,2022-02-03
205640,123393,2022-03-16
223762,188477,2021-06-16
239311,197619,2021-01-29
226793,177703,2021-10-08
238186,107682,2021-08-16
295509,146439,2021-07-06
257583,184299,2021-08-15
202045,167199,2021-11-04
221205,135034,2022-08-27
252034,183314,2021-03-24
205728,185066,2022-05-04
224039,130656,2022-09-05
248222,146509,2022-09-30
239694,192162,2021-03-31
236444,121990,2022-09-12
261492,156647,2021-03-12
280491,186297,2022-05-23
277783,144033,2022-05-29
285693,133043,2021-12-06
216974,179608,2022-10-03
269338,150096,2021-11-02
266007,105088,2021-02-22
240674,197595,2021-08-13
244042,169788,2022-04-05
234335,158511,2022-09-04
200733,188719,2022-02-08
283711,148669,2022-07-16
208215,155672,2021-04-30
277282,129431,2022-10-08
250766,114901,2022-05-16
257019,172282,2021-02-18
236261,195877,2022-11-01
224274,134257,2021-08-11
206039,186059,2022-12-03
290242,180845,2022-05-05
270162,173734,2022-04-27
273597,181956,2021-03-15
210132,121936,2021-11-04
245924,141995,2022-03-03
229748,195154,2021-05-01
213632,174601,2021-05-03
226983,183740,2022-03-18
265313,100039,2022-02-15
266347,139963,2022-01-22
290556,103062,2022-03-01
268007,191989,2021-08-15
209631,152640,2022-05-13
296471,152864,2022-05-10
245377,151025,2021-03-23
217368,158415,2021-11-03
240261,106426,2021-11-23
273712,170879,2021-11-05
290565,117236,2021-08-27
255152,196590,2022-03-04
265416,133260,2021-10-27
274813,106694,2021-07-26
271335,180163,2022-07-29
216774,175918,2022-11-20
259919,150772,2021-09-19
278037,199951,2022-11-10
284568,197326,2021-06-11
251387,112585,2022-01-21
274525,131345,2021-03-01
272833,123267,2022-02-16
207906,154327,2021-05-20
213459,111470,2021-06-11
241172,181524,2021-03-01
241560,183196,2021-08-29
250302,187435,2022-12-22
209411,173336,2022-05-28
282030,107355,2021-05-25
215063,115469,2021-06-16
245106,107789,2022-08-23
202590,109170,2022-10-01
214279,161756,2022-07-11
283389,132503,2022-10-12
280710,118771,2021-05-02
217909,177986,2022-03-23
290745,129917,2022-02-05
233519,143091,2022-07-05
288826,149985,2022-08-11
227097,193061,2022-06-15
220427,180927,2022-07-21
218149,170593,2021-04-15
231444,112952,2021-06-10
281111,137884,2022-10-06
212883,153137,2022-03-26
217776,143215,2022-04-29
205577,152151,2021-10-29
224666,177670,2021-07-05
219793,190532,2022-12-24
297165,184836,2021-05-03
299673,101347,2021-09-19
244466,186937,2022-09-14
278028,151450,2022-05-13
282966,136090,2021-07-18
238482,158657,2021-12-04
229184,192640,2022-03-24
274705,174473,2021-04-17
236751,183569,2021-06-06
232257,169954,2021-03-02
258409,193236,2021-01-02
264122,142772,2021-01-30
278198,155580,2022-06-30
237663,196320,2021-04-20
236257,153859,2021-04-19
209805,175565,2022-03-03
204393,141130,2021-02-20
282358,197574,2022-09-19
214949,134329,2022-01-02
230694,111071,2021-10-25
258840,181045,2022-11-19
267040,119705,2021-12-22
223674,167139,2022-05-09
214129,189159,2021-03-03
242364,196962,2021-12-24
228712,163842,2021-03-06
281092,104695,2021-11-22
252130,155316,2022-09-03
282438,185287,2021-08-25
275972,113966,2021-04-07
283986,122561,2022-01-10
235377,131739,2022-01-19
244493,157547,2022-09-16
272291,164884,2022-10-01
249310,147160,2022-10-21
241533,169561,2022-02-04
247157,112410,2021-07-03
298722,165233,2022-06-30
210344,164465,2021-01-04
255393,166680,2021-01-27
237128,127191,2022-06-05
253352,120793,2021-05-25
215806,136434,2021-03-23
209456,132414,2022-06-11
275241,185910,2021-03-11
285562,180114,2022-05-17
201474,110489,2022-06-22
259279,182617,2021-10-21
209354,126249,2022-12-11
293367,115572,2022-02-19
262310,151015,2022-05-23
231293,182274,2022-04-18
275281,159024,2022-10-10
275046,199463,2021-05-01
238237,142187,2022-07-29
204139,133001,2021-11-25
225974,127195,2022-11-24
258772,104225,2021-10-29
213585,185012,2022-02-19
276333,199610,2022-11-09
240042,184775,2022-03-17
209097,143981,2021-05-11
234068,153232,2021-11-15
271044,116458,2021-04-22
210989,127834,2022-11-01
264778,197241,2022-05-25
248795,164644,2021-06-24
257290,188644,2021-08-14
208359,183919,2022-11-18
250740,142760,2022-02-25
288347,196474,2021-10-09
232372,168261,2022-09-22
232750,122296,2021-11-11
221714,189352,2021-02-17
278665,170353,2021-01-10
220361,164315,2022-10-13
276610,105295,2021-10-20
210608,169527,2021-10-20
260521,110905,2022-12-24
201378,128615,2021-09-16
298763,144240,2021-04-06
256098,179386,2022-05-08
296346,185855,2021-07-09
272913,134772,2021-11-18
295021,176824,2022-05-24
249437,131779,2021-02-12
201971,183670,2022-11-15
281954,181393,2022-08-20
281215,171783,2021-03-01
256111,146456,2022-07-05
269304,147484,2022-08-24
236759,155182,2022-02-15
278076,161031,2022-06-17
231993,138453,2021-01-05
206006,139160,2021-08-12
216935,100225,2021-07-13
230220,153673,2022-08-02
213310,189204,2021-04-21
245533,182326,2022-11-21
270728,109111,2022-11-03
226024,135957,2021-03-03
228041,189755,2021-05-12
254194,180558,2022-11-04
207077,128533,2022-12-26
208513,177000,2022-03-26
215944,138411,2021-10-26
231883,143127,2021-08-07
268194,170096,2022-05-13
244336,186636,2021-01-04
212012,122333,2021-06-25
229683,131513,2022-11-01
257868,107362,2021-05-25
245524,166520,2021-04-05
227086,113249,2022-06-02
210863,134961,2021-11-28
218597,111956,2022-11-16
212846,181363,2021-11-30
209030,193264,2021-11-20
206539,105063,2022-12-01
241818,119478,2022-11-03
236776,168247,2022-09-21
248154,157062,2021-08-18
266100,173123,2022-11-22
248038,103873,2022-10-08
292446,142828,2022-12-19
237961,189767,2022-05-18
229631,141791,2022-09-01
262010,143996,2022-05-26
280984,100176,2022-02-10
208306,170905,2021-03-25
205307,139936,2022-08-14
254343,123306,2022-07-08
245233,126635,2021-02-26
211448,156991,2021-05-27
277484,118697,2022-03-20
259336,179072,2021-07-10
276204,153081,2022-12-13
205449,147431,2022-07-16
222187,153226,2022-08-17
218147,127302,2022-05-26
254580,101227,2022-10-21
202714,112138,2022-08-30
285078,186283,2022-10-20
274967,175180,2021-02-10
222499,130483,2021-10-15
294976,193840,2021-09-12
226497,165770,2022-02-28
234671,112841,2021-12-06
244234,139974,2022-06-19
214442,168306,2022-06-18
282312,135473,2022-05-25
292486,156079,2022-02-12
226778,105851,2021-03-22
265117,125382,2021-05-08
245886,180271,2022-01-07
230240,166680,2022-01-06
289159,119313,2021-04-14
213103,157524,2022-02-04
219355,135686,2022-04-14
205197,165353,2022-12-22
271955,117691,2022-03-17
287508,101693,2021-06-24
232248,115208,2022-12-15
231951,148114,2022-11-25
287436,189036,2021-10-16
265716,100481,2022-12-07
229559,183686,2022-11-29
210410,155856,2022-09-22
274257,182387,2021-05-28
280382,102832,2021-10-16
261808,191979,2021-08-06
203548,113009,2022-01-24
298935,168267,2022-02-03
215551,172318,2021-01-04
272158,125220,2022-09-03
260490,150720,2022-05-04
233063,187996,2022-01-16
268279,194232,2022-07-29
203363,105648,2021-03-14
245526,142119,2021-07-09
284309,164479,2022-01-11
237301,187065,2022-08-23
227561,173016,2021-11-12
268657,147734,2022-10-30
292498,164929,2021-04-25
291288,119735,2021-07-31
210242,166995,2022-05-30
210922,170673,2021-01-14
283855,177504,2022-02-14
252960,106207,2022-03-19
263542,191648,2021-07-07
202506,105912,2021-10-20
220186,180669,2021-08-21
259899,193306,2021-09-24
228356,120440,2021-12-11
270534,160406,2021-05-01
274991,165341,2022-11-09
291507,123728,2021-10-04
293952,132298,2021-12-27
277479,110473,2022-03-09
282005,169674,2022-06-25
255671,152530,2022-08-07
282302,196804,2021-12-04
202760,108235,2021-08-08
213848,110288,2021-09-09
271701,197779,2021-01-04
237953,146825,2022-05-30
234029,133304,2021-10-18
219272,160334,2022-09-03
270235,130512,2022-10-19
253965,146386,2022-07-14
258104,159669,2022-03-02
210915,179206,2022-09-06
239185,199244,2022-01-24
286774,109743,2022-04-06
241559,159389,2022-07-19
230753,176496,2022-08-18
238963,141406,2022-02-05
212404,152577,2021-03-27
211911,135311,2021-10-29
287542,139969,2021-08-20
220214,177166,2021-03-16
202252,131777,2022-08-07
205146,184977,2021-10-31
269132,131559,2022-02-10
206939,156400,2021-07-16
299180,188902,2022-02-21
220036,127507,2021-03-15
285001,125811,2022-04-02
298968,126996,2022-06-16
296648,186031,2022-02-22
266079,167741,2021-07-07
278101,129964,2022-06-16
296360,191536,2021-10-09
206418,123373,2022-11-04
213892,177719,2022-08-11
284317,166153,2022-06-12
225334,163764,2022-06-08
273882,156017,2021-03-19
270082,190007,2021-03-20
207279,190188,2021-09-14
277937,104552,2022-11-05
297889,177758,2022-01-07
296854,167898,2022-07-11
200693,154005,2021-11-03
255198,192722,2021-07-15
267655,148684,2021-02-03
208477,135618,2022-09-07
245271,176475,2022-01-09
296365,143868,2021-08-25
254520,191582,2021-08-06
213954,191114,2021-07-11
275169,182179,2021-02-23
296418,123917,2021-05-10
266596,136774,2021-10-07
239010,167066,2022-09-01
202619,105019,2022-04-01
221420,192094,2022-04-29
208805,188630,2022-09-28
277662,116994,2022-09-03
270512,114131,2021-04-03
225499,169175,2021-10-15
275758,132383,2022-09-15
269395,187168,2021-10-31
296959,192762,2021-11-17
210475,148623,2021-09-17
298838,173765,2021-05-04
277132,153096,2022-05-29
226732,153620,2022-09-13
240081,149536,2021-12-27
222584,139352,2021-10-16
228336,186033,2021-10-06
202233,164406,2022-07-23
277917,182264,2022-06-14
254377,100459,2021-01-11
240778,143040,2022-10-07
261978,160310,2021-08-02
244260,175879,2022-05-04
283835,190079,2021-03-14
229341,169382,2021-02-09
231089,171497,2021-07-06
296977,172936,2022-05-18
205665,120773,2021-11-21
203127,112030,2021-05-28
221397,133538,2022-05-22
259838,120231,2022-12-24
249445,170473,2022-04-23
284028,196224,2022-10-02
220631,159716,2021-10-02
205485,187298,2021-08-14
252602,165806,2021-12-08
231646,189546,2022-08-17
264370,110587,2022-06-28
214092,101435,2021-08-03
227782,131846,2021-09-14
211542,128659,2021-09-26
232228,178796,2022-08-12
229805,142804,2021-01-05
264553,162895,2021-01-25
210099,152862,2022-02-06
291442,167033,2022-11-06
233415,115080,2022-01-27
276015,151003,2021-11-02
296176,156069,2021-05-04
272504,131481,2021-10-22
213978,183134,2022-06-21
257556,155544,2022-06-09
299830,102128,2022-12-25
203263,191685,2021-08-17
243388,135988,2021-10-24
250805,148703,2021-05-12
234512,142725,2022-02-25
230275,139875,2022-02-15
295940,132719,2022-08-16
247498,183914,2021-03-12
231957,166614,2022-11-12
226524,114207,2022-01-21
266605,112526,2021-04-09
270103,168389,2021-02-21
277063,172088,2022-02-21
200468,178677,2021-08-01
222023,154334,2021-05-17
275225,101673,2022-08-12
252415,125744,2021-05-10
281266,133930,2021-11-14
259596,114767,2022-12-30
295990,133574,2021-01-16
218709,165430,2021-09-26
237363,164433,2021-03-07
228420,135855,2021-12-07
299209,128600,2021-12-02
295041,172253,2022-11-23
214102,108787,2021-04-17
218050,112765,2021-06-07
219850,179781,2021-04-03
243591,144557,2022-03-26
241357,163121,2022-12-10
252651,161188,2021-11-11
269925,143818,2022-05-31
256670,130362,2021-04-06
282996,134052,2022-10-19
224718,135615,2021-05-26
259006,157077,2022-04-22
227390,146288,2021-12-20
280646,147664,2021-07-20
206657,185731,2021-05-14
276622,190503,2021-01-10
215338,167237,2022-01-05
211663,107634,2022-10-06
299463,169291,2022-04-03
236542,102564,2021-05-02
236595,191355,2022-05-03
288235,159536,2021-07-03
286568,172280,2021-08-26
248733,179991,2021-04-30
218870,102760,2022-01-22
262160,198417,2021-03-01
236508,103246,2022-11-02
270418,161656,2022-05-28
234117,174951,2022-06-25
249752,134210,2021-09-11
224701,128351,2022-11-03
249301,182952,2022-12-16
267041,100458,2021-09-02
214204,128492,2022-02-06
249756,199344,2021-10-23
205179,126146,2021-02-19
249811,147671,2022-10-01
296019,102538,2022-03-05
287878,116368,2021-12-31
218040,150974,2021-03-10
284422,177875,2022-12-29
218047,101696,2021-10-27
272382,108132,2022-04-11
229033,126640,2021-09-13
273907,180754,2021-06-29
295434,179711,2022-05-02
211132,100525,2022-01-21
220104,184497,2022-09-17
293747,138289,2022-09-24
254261,118303,2022-05-09
267785,140683,2021-01-10
282105,189996,2021-03-09
277259,153233,2021-07-05
248424,171285,2021-03-31
211860,146607,2021-05-25
243459,160356,2021-03-24
232129,102084,2021-05-01
267960,130531,2021-08-02
272286,102981,2022-05-22
236974,130662,2021-02-19
279919,122401,2021-05-11
276578,134805,2022-10-27
282884,124895,2021-12-16
206304,134870,2021-11-10
254952,170109,2021-09-10
294274,162485,2021-08-09
296393,185975,2021-08-30
276483,180323,2021-12-04
235278,166531,2022-09-02
215056,117948,2022-02-26
258289,185956,2022-04-26
299313,190730,2021-10-01
258810,134937,2021-05-02
271711,100342,2022-07-06
249738,130689,2021-06-14
216886,118005,2022-03-04
219634,167532,2022-09-22
206310,109608,2021-05-19
242206,162015,2021-05-20
279827,114409,2021-11-04
216982,152370,2021-10-31
248142,131552,2022-02-12
236326,110627,2022-05-01
285949,190906,2021-12-18
267324,152362,2022-07-16
278132,162738,2022-12-11
243681,179227,2022-07-25
281770,105099,2022-02-01
260541,196229,2022-03-05
261751,133539,2021-06-01
284934,137134,2022-09-06
247106,169092,2021-04-15
241937,193515,2021-09-05
240109,185451,2022-10-09
264433,181599,2022-10-12
254066,168709,2021-03-18
262078,108497,2021-07-05
208697,185156,2022-10-02
294450,106938,2022-10-13
290033,135069,2022-04-20
247763,110888,2021-06-15
271494,178019,2022-02-05
289668,137936,2021-02-03
229804,107186,2021-10-01
268063,127847,2022-12-16
263500,169616,2021-07-27
289461,159452,2022-02-20
258008,154019,2021-07-01
246954,168834,2022-07-30
208622,169778,2021-12-18
257211,123206,2022-07-13
243940,181293,2022-09-02
226369,115035,2021-10-17
263639,156472,2022-01-18
269228,160774,2021-09-20
222276,167026,2022-08-19
224886,111071,2022-08-18
293423,197767,2022-01-31
211718,178406,2022-08-11
250409,175150,2022-09-25
292035,177835,2022-03-02
252103,190497,2021-12-29
222995,107647,2021-05-31
291897,162755,2022-02-02
253560,124458,2021-03-22
235999,109950,2022-09-09
297897,154684,2022-11-02
232246,134604,2022-10-15
216638,138967,2022-02-23
279824,113042,2022-12-22
280603,111312,2021-06-06
233115,121639,2021-01-11
242745,193789,2021-01-02
273227,138958,2022-05-31
260543,189620,2021-02-11
293969,156916,2022-03-03
293857,141923,2022-06-17
243191,174205,2021-10-05
224656,146869,2021-07-25
253842,185595,2021-08-14
285221,159473,2021-11-01
256729,134509,2022-12-03
224622,159874,2021-07-19
274248,194912,2021-04-04
207425,119822,2022-06-21
219008,142218,2022-03-05
212788,167357,2022-03-01
212542,155094,2021-07-18
292872,129035,2022-12-11
245909,183117,2021-02-24
290783,192959,2022-05-23
273342,173129,2021-12-19
210283,177367,2022-09-05
205125,168211,2021-04-19
246062,164513,2021-02-15
268014,199070,2022-07-23
213552,121586,2021-03-16
278517,121633,2021-03-21
274050,111242,2021-09-15
287876,149178,2021-08-19
237796,165195,2022-04-06
289570,155351,2021-08-02
233100,108134,2021-04-02
228001,191327,2022-07-29
235684,132974,2021-05-27
224055,169698,2022-02-08
276128,169620,2021-01-10
212848,150766,2021-03-02
202742,174529,2022-10-18
263113,161373,2022-04-13
297678,129706,2021-11-28
262483,151014,2022-12-17
243570,156764,2022-12-17
227071,109822,2022-10-14
203323,116708,2022-01-15
237925,130726,2021-09-07
207859,191997,2021-04-01
202480,185086,2021-01-13
296138,141167,2021-09-10
201734,138711,2022-10-20
296537,193184,2021-04-09
209133,138886,2021-11-03
261855,156613,2022-12-29
215185,189623,2021-12-13
288342,150252,2021-08-04
278460,142794,2022-02-28
204862,148471,2021-03-08
224402,106055,2021-09-16
244168,133217,2021-11-12
282217,139322,2021-03-27
205281,198331,2022-03-04
226095,115852,2022-10-05
232446,198392,2022-10-01
243076,141090,2022-02-08
245957,179563,2022-07-11
211676,131788,2022-05-12
264756,109086,2022-09-28
225185,134034,2021-08-09
254768,143689,2021-05-24
251978,134487,2022-09-13
291804,165387,2022-10-16
212928,114146,2021-08-18
228716,146465,2021-10-22
259207,122132,2022-07-12
298482,142303,2021-03-19
262969,198096,2022-05-06
289585,175167,2021-05-29
218513,143482,2022-07-19
232768,108976,2021-04-16
212022,197909,2021-05-31
274078,171226,2021-07-29
292427,155847,2022-07-19
256606,116001,2021-05-22
201531,117643,2022-06-09
229083,157268,2022-10-19
248512,151917,2022-08-22
291934,131718,2021-01-21
200781,195280,2022-08-16
274940,174374,2022-03-27
208050,140454,2021-10-30
264791,180544,2021-01-07
266287,194104,2022-03-23
208504,123536,2022-10-15
293429,193485,2021-08-09
252769,152620,2022-09-14
205450,185724,2021-12-11
290925,124670,2022-12-19
227150,110991,2021-05-28
274752,106953,2022-11-07
237724,173764,2022-08-18
221830,158978,2021-10-23
299483,192286,2021-08-26
221295,174693,2021-05-05
213008,171737,2022-06-03
288058,109098,2021-04-13
209627,180637,2021-09-03
293382,133463,2022-09-24
282409,159536,2021-07-03
253627,109154,2021-10-18
265414,189636,2022-09-27
267713,115663,2021-06-15
272882,105237,2022-03-05
263711,142621,2021-09-16
216442,192864,2021-12-23
227248,153168,2022-04-21
207212,152145,2021-09-13
207643,195292,2021-03-23
299557,151370,2022-05-28
245618,173626,2022-03-12
209810,108942,2022-07-29
221184,155096,2022-06-14
242422,186407,2021-09-17
213878,190092,2022-06-19
261612,125196,2021-11-25
214140,111961,2022-07-03
239355,144282,2022-04-25
289047,129435,2022-06-09
278216,166554,2022-07-29
211146,193514,2022-01-15
261849,165259,2021-06-22
200608,155115,2021-10-17
246828,160151,2022-01-20
233353,162514,2022-07-03
216770,165347,2022-11-17
277519,148738,2021-07-11
246378,128680,2022-07-12
269925,113114,2021-03-22
280197,154528,2022-11-10
281965,129896,2021-06-10
273539,191890,2022-03-08
249162,103454,2022-11-17
257490,106491,2021-03-02
206087,194103,2021-02-25
284979,164032,2021-10-08
248485,171689,2021-01-02
289914,108159,2021-05-18
293685,197024,2021-12-04
252584,167372,2022-05-05
289583,197953,2022-01-17
281479,131752,2022-06-11
284550,194695,2021-01-16
204925,192817,2022-06-13
255761,105698,2021-05-01
261912,137966,2022-12-25
210941,149933,2022-06-13
210362,160736,2021-07-22
222270,129045,2022-03-09
291515,155893,2021-06-30
215137,122036,2022-04-16
209109,134072,2022-02-04
246342,145738,2022-08-31
267236,179371,2021-03-08
275676,194596,2021-03-27
216020,136580,2022-08-29
285852,125018,2021-11-18
228075,194479,2022-04-02
296530,120394,2021-01-09
235879,140622,2021-12-13
207879,106080,2022-03-03
276358,173846,2022-06-20
244291,181022,2022-10-14
283419,164840,2022-08-27
279073,129995,2021-11-01
252030,164512,2022-08-03
270439,114132,2021-08-31
247701,156073,2021-05-11
215231,161454,2022-02-23
246412,189580,2021-08-22
208494,189454,2022-04-27
267394,193111,2022-05-04
293205,105743,2021-04-20
206909,116985,2021-12-27
291037,122744,2021-09-17
210153,187765,2022-01-29
212930,193214,2022-06-28
275245,161282,2021-09-29
268721,100855,2021-06-22
222611,186681,2022-10-07
283581,178549,2022-06-13
203104,188997,2022-05-19
270707,127080,2022-05-20
256173,103192,2021-12-26
235863,137575,2022-11-18
204538,128952,2021-02-05
213014,164680,2022-06-03
202864,102120,2022-03-19
216220,147803,2021-11-29
264457,122003,2021-09-01
298915,114044,2022-01-14
282603,100613,2022-08-28
286399,135176,2021-08-18
297422,102262,2021-08-03
277143,106557,2021-01-31
237004,109089,2022-03-22
241667,149406,2022-02-03
281940,194047,2021-03-03
267554,183027,2021-12-10
272579,176138,2022-01-17
284233,105643,2022-03-25
264914,133676,2021-10-13
293423,195647,2022-01-09
272875,143274,2022-11-22
235068,140358,2022-07-19
289414,138744,2021-11-21
229637,123784,2022-05-30
221002,118002,2022-09-14
230874,126725,2022-11-27
227731,184695,2021-07-25
298313,119722,2021-11-03
223613,198697,2022-02-19
266536,193791,2022-09-29
205859,102426,2022-01-11
234395,195883,2022-04-26
221048,177998,2022-11-24
230558,151382,2021-08-03
226330,170582,2021-05-20
291851,193984,2022-04-16
260054,113724,2021-11-28
266530,115745,2022-04-18
218198,187725,2022-11-22
267037,143776,2021-02-07
232964,183326,2022-09-27
289935,109467,2021-02-05
231579,187378,2021-04-22
245908,191595,2021-02-20
289789,142496,2022-06-27
239455,191526,2021-09-09
257688,152616,2021-11-19
296868,145655,2022-09-11
260811,151336,2022-09-12
277411,143777,2022-04-14
295893,159989,2021-12-27
297812,166719,2022-08-01
236037,107555,2021-10-23
288683,194780,2021-06-28
226417,123548,2022-04-07
239164,192039,2022-09-07
281289,113685,2021-02-26
293340,181890,2021-02-10
279988,164264,2021-07-27
217175,162299,2021-05-07
237689,143413,2022-10-17
260224,148052,2022-07-07
243129,175325,2022-07-18
268217,117109,2022-08-19
204459,108751,2021-03-10
228401,136925,2022-10-23
280907,111682,2021-06-05
223345,179313,2021-01-23
272448,169595,2022-08-29
205159,176179,2021-11-02
232509,170048,2022-08-12
265220,185992,2022-12-11
211374,195789,2022-12-02
259235,122482,2021-09-18
213766,176344,2022-02-16
297866,112608,2021-04-02
235371,122966,2021-10-09
205365,126528,2022-12-31
240490,129947,2022-04-05
275780,109400,2022-11-24
273707,165685,2022-05-05
233181,155498,2022-07-22
216074,162641,2021-08-04
299793,185519,2022-03-02
291836,121528,2022-02-06
224389,119905,2021-09-05
283645,129693,2022-07-05
201113,138268,2022-11-02
228230,151122,2022-11-23
262789,149074,2021-12-18
283002,188739,2022-01-27
239419,187108,2021-11-24
210964,154797,2021-08-04
250659,147602,2022-12-14
218562,161572,2021-05-01
251781,131713,2021-01-13
200600,161586,2021-03-30
271426,111859,2022-06-11
265657,170449,2021-03-26
225965,163454,2022-07-16
293833,115403,2022-04-24
231167,143088,2022-10-31
297997,167448,2022-04-08
263508,177782,2021-06-27
209701,105507,2021-06-02
202368,131479,2022-06-20
205363,185947,2022-07-27
288704,181959,2021-11-13
224087,142522,2022-10-06
222357,140593,2022-10-21
265629,106979,2021-08-13
237183,143098,2021-03-29
286664,153786,2021-09-22
201537,190003,2022-04-21
261351,105436,2021-10-01
228619,133368,2021-11-23
237727,181895,2021-04-11
201749,198506,2021-02-03
296749,182240,2022-01-13
267123,184620,2021-03-30
291340,121849,2021-03-08
279797,141902,2021-01-10
288272,124262,2021-02-10
243415,161911,2022-09-26
232838,172536,2022-11-01
201768,173730,2021-10-12
297119,136444,2022-10-09
244070,136082,2022-01-06
251778,189581,2022-01-09
269254,120140,2022-05-13
223022,118035,2021-09-16
225580,118393,2022-09-28
214967,112443,2021-01-04
266943,186835,2021-08-04
278092,112378,2021-03-02
215288,165467,2022-10-31
257316,180740,2021-08-17
233094,130145,2021-07-07
238259,149175,2021-05-11
257453,103647,2021-08-04
265642,186239,2021-05-05
280601,119846,2021-09-17
271363,103109,2021-12-23
287956,197412,2022-08-15
211161,194310,2022-03-24
238000,113220,2021-02-14
280340,192363,2022-07-13
217489,174555,2022-02-28
244390,153060,2021-05-19
241611,150835,2022-07-30
222391,175794,2022-08-06
234955,190076,2021-08-16
273882,105071,2021-03-16
277898,120994,2021-08-12
277362,130096,2022-12-24
242451,193212,2022-12-20
228617,127225,2021-01-05
204321,189633,2021-10-24
204910,123265,2021-09-14
278042,113409,2021-09-01
227599,114103,2022-10-03
282836,185016,2022-05-05
238995,147418,2021-03-01
229773,199559,2022-01-07
208293,154089,2021-11-16
203264,119707,2021-08-31
220572,180257,2022-07-07
282289,136644,2021-03-02
283515,175317,2021-03-26
284223,167761,2022-08-03
273207,137246,2022-01-21
254045,157344,2022-12-12
232827,154769,2021-05-26
200935,153995,2021-04-25
283773,132182,2022-01-27
213384,103800,2022-11-21
287945,146583,2021-03-25
218954,190288,2022-12-18
266206,121430,2021-06-12
274309,178232,2021-12-29
225692,108459,2022-09-05
215544,148068,2021-05-26
283829,181635,2021-08-04
231529,160085,2022-04-12
276936,175738,2021-11-13
261012,155855,2021-09-12
298797,110312,2021-03-26
239750,180232,2022-10-05
240456,150858,2021-12-23
201115,117220,2021-04-19
264472,158850,2021-06-30
234229,134968,2021-02-21
220300,164823,2021-03-27
287815,106582,2022-11-15
277578,123561,2022-02-24
289905,152014,2021-05-25
291129,199371,2022-02-05
272332,146381,2022-03-26
236378,124326,2022-01-30
297621,158873,2021-11-30
264653,121753,2022-10-03
261218,192367,2021-07-23
274558,184267,2022-07-03
289214,124463,2022-03-20
268642,155631,2021-12-09
211995,187844,2021-01-08
200960,160114,2021-08-23
209969,146209,2021-02-18
294227,125926,2022-07-01
222613,157757,2022-05-24
221387,128515,2022-09-11
273894,190396,2022-03-31
224070,135878,2021-10-22
241844,165616,2022-06-15
210433,183756,2022-07-09
242208,196420,2021-04-08
241065,179779,2022-08-09
287415,112739,2022-06-23
201902,167801,2022-06-25
250605,137716,2022-11-16
282899,163649,2022-08-14
251497,175578,2021-05-12
217196,168861,2022-09-26
265303,129426,2021-06-20
256650,180553,2021-06-25
235275,147086,2021-02-15
289530,168566,2022-10-04
283051,159817,2021-11-21
257759,124155,2021-10-31
286124,130364,2022-12-02
262703,142431,2021-04-17
277939,137361,2021-02-17
278924,158550,2022-07-03
248176,103057,2022-08-02
290399,155490,2021-02-16
220043,108751,2021-12-18
253411,165078,2021-05-03
224814,127004,2021-06-10
277592,163719,2022-02-25
206695,149638,2021-05-31
227725,171471,2021-11-25
207986,139739,2022-04-22
247676,162355,2022-06-12
203228,173945,2021-04-26
271543,178553,2022-03-28
259962,137522,2022-01-22
265842,145999,2021-07-20
280290,149947,2021-09-23
212224,167768,2021-11-08
232194,126016,2021-02-28
210313,198542,2022-03-16
211541,155072,2021-12-05
250743,148734,2022-09-17
296286,175264,2022-12-13
210080,119818,2022-06-22
221291,132706,2021-03-15
259992,177959,2022-11-02
233809,173727,2021-06-20
214656,118404,2022-01-05
247252,163850,2021-06-27
239624,155104,2022-06-27
224006,112620,2021-08-18
289002,195992,2021-06-02
210106,108522,2021-09-07
242109,190118,2022-02-04
228165,154268,2021-02-26
283694,132915,2021-10-30
287824,108769,2022-03-03
226021,104966,2022-03-03
272284,189309,2021-09-16
233135,105772,2022-02-03
238832,135720,2021-10-21
241110,116721,2021-07-21
212997,183351,2021-06-09
220731,116503,2021-03-20
260257,142606,2022-12-15
290380,191893,2021-08-19
207326,168407,2022-12-24
253581,183915,2022-06-26
295737,184061,2021-09-01
263002,144995,2022-03-11
280489,159105,2022-07-07
218381,196097,2021-01-29
252863,197115,2022-10-28
280368,149902,2021-09-09
274444,102748,2021-11-14
256628,136631,2022-02-02
260535,114880,2021-03-30
281318,115845,2021-08-20
234153,147551,2021-10-24
277382,154667,2022-08-06
276820,139615,2021-10-01
249060,143491,2022-05-14
224050,186588,2021-11-12
284563,134771,2021-01-16
210355,140643,2021-07-29
204268,164648,2021-09-27
244386,116026,2021-06-21
227971,155422,2021-07-01
299518,116185,2022-06-28
229356,102103,2022-02-18
271460,159111,2021-01-20
245185,175234,2021-02-20
249182,184486,2021-12-16
206661,113039,2021-04-11
260402,134795,2022-02-16
298278,129566,2022-06-23
241820,151402,2022-03-04
268659,181434,2021-05-01
206203,173044,2021-07-18
268817,110552,2022-01-13
276200,133926,2021-09-07
285830,176333,2021-10-13
290151,115026,2022-12-28
254134,188704,2021-10-18
237105,145880,2021-07-09
248563,170279,2022-08-29
231199,162244,2022-03-22
230144,115648,2021-03-28
247159,130463,2022-03-03
244732,168420,2021-07-20
213588,150365,2022-10-03
231783,162675,2022-04-17
266960,126152,2022-11-29
251751,144798,2021-09-03
269061,189457,2022-05-04
206168,154235,2021-09-23
275478,141348,2021-12-10
283598,149071,2021-05-07
250473,197173,2021-03-18
218018,181943,2022-06-12
290781,133626,2021-12-14
292338,110249,2022-08-19
284368,154803,2022-09-30
226109,140896,2022-07-01
250224,164155,2021-08-29
272873,175436,2022-09-23
289473,162482,2021-07-22
211129,189269,2021-04-22
254532,129021,2021-03-03
272784,117284,2021-08-28
285807,165502,2022-12-01
263793,174898,2021-03-18
254751,150096,2022-09-28
207735,109338,2022-03-30
290570,109548,2022-02-01
216825,158710,2021-08-22
248416,104441,2021-04-17
291265,127811,2021-06-03
200500,125097,2022-12-14
243826,165076,2021-05-08
271786,119100,2021-09-04
231495,145258,2021-08-30
232313,169628,2021-11-07
216533,102695,2021-04-02
293773,185384,2022-08-19
240630,192433,2022-07-04
296433,179734,2022-03-31
228989,145647,2021-03-18
214615,183689,2022-06-01
291412,129517,2022-01-05
200825,125289,2022-06-15
261243,114212,2022-08-18
213299,103062,2021-01-22
232497,149608,2022-09-08
291530,159815,2021-01-05
266693,101309,2022-03-03
253210,199890,2021-10-07
258537,178736,2021-07-21
214222,100393,2021-01-20
264893,119666,2022-09-27
214206,139080,2021-09-10
249146,124824,2021-04-27
207770,134204,2022-12-06
259512,114716,2021-05-12
298457,168663,2021-02-12
244597,194521,2021-03-05
218817,152453,2022-04-09
251011,128146,2021-10-24
244456,162056,2022-04-12
204427,163832,2022-09-30
225710,139145,2022-11-28
280897,147843,2022-02-03
250029,129845,2022-10-24
206020,119647,2022-06-01
217181,197498,2022-05-14
262340,191121,2021-05-19
206997,161849,2022-04-08
277497,174122,2021-10-23
264240,186070,2021-05-17
213646,161446,2022-03-01
203386,192746,2021-06-30
281463,108976,2022-02-05
287992,122003,2022-06-22
299700,132025,2022-01-28
227642,115771,2021-10-03
222293,134109,2022-05-31
265320,100252,2021-09-24
200937,116233,2021-11-06
239515,194123,2022-07-16
242364,131800,2021-01-21
213263,166789,2021-11-20
298628,130645,2021-10-07
221763,100769,2021-07-15
214096,118749,2021-07-29
242834,198694,2021-01-05
256969,158819,2022-01-06
216438,139152,2021-02-12
277152,148196,2022-01-11
228886,184504,2021-10-01
253359,128729,2021-09-29
219967,142082,2022-04-17
276056,113072,2021-01-09
244183,159429,2022-12-15
297061,170927,2021-10-13
254268,173241,2022-03-25
287257,123037,2022-12-28
217004,153493,2022-02-06
245518,151662,2022-01-20
289850,174047,2021-04-28
217837,110201,2021-07-21
298274,151005,2021-06-15
269053,198248,2021-12-23
248312,123360,2021-12-07
269522,156674,2022-10-04
272672,139529,2021-05-04
250674,176336,2021-08-12
245476,107903,2022-12-14
288265,121432,2021-06-05
295585,198044,2021-06-13
212811,198380,2021-04-08
282480,142414,2022-09-23
260875,122627,2022-05-29
224964,145263,2021-06-02
297575,141153,2022-08-09
281138,160481,2022-02-18
254257,101043,2021-12-24
242800,182676,2022-12-01
242375,192438,2021-05-21
213370,146574,2022-09-30
204647,147894,2021-09-12
205043,125501,2021-06-24
218892,174252,2021-01-22
203014,118254,2022-06-04
267870,125349,2021-03-30
231136,175762,2021-01-08
259053,167095,2021-03-10
218977,113376,2022-01-27
259106,107066,2022-02-10
256781,182936,2021-03-19
207858,141875,2022-05-23
280116,107931,2021-09-08
288563,131753,2022-11-29
289094,163850,2022-04-14
289861,184223,2022-02-11
254900,177134,2021-12-22
207542,157190,2021-10-19
232778,167938,2021-07-01
254728,198185,2021-06-17
226164,133652,2021-05-17
275033,159555,2021-03-08
263536,156822,2021-09-11
220307,105382,2022-07-13
220947,164827,2022-07-29
281709,151859,2021-10-14
284110,113403,2022-02-21
250570,189547,2022-09-30
233111,162363,2022-04-25
235673,119018,2021-10-06
260074,112344,2021-11-17
286453,177436,2022-08-18
228175,145033,2022-11-27
268710,149912,2022-10-06
244540,176798,2021-07-28
256259,175049,2022-11-17
237581,176925,2021-01-07
272479,174095,2022-01-14
235010,189117,2022-12-08
259342,147558,2022-11-04
208610,107855,2022-09-16
281579,140631,2021-12-12
287233,131949,2022-10-17
237903,151893,2022-03-18
261241,177524,2022-05-04
275796,159975,2022-10-17
282336,144670,2022-11-04
288215,192811,2022-03-27
238687,131558,2022-01-05
298074,199381,2022-03-03
290415,171974,2021-05-26
241526,108187,2021-07-25
217426,164207,2021-07-22
229038,121665,2022-11-08
228599,126907,2022-05-09
277589,189232,2022-03-03
204936,186073,2021-12-04
281923,103505,2021-05-29
253853,196554,2021-03-14
280841,152101,2021-09-30
250977,137810,2022-08-05
284135,119280,2021-11-01
238543,186881,2022-11-29
241440,125726,2021-02-04
269753,141524,2021-03-08
280035,121278,2021-09-28
264521,196579,2022-02-05
225441,197301,2021-08-08
296243,183041,2021-01-17
229723,132947,2022-08-08
273970,196942,2021-05-04
276570,169480,2022-06-08
299262,174050,2022-09-21
299951,134086,2021-10-13
215074,135618,2022-09-02
261750,166665,2022-03-03
216936,125847,2021-04-27
256006,106706,2021-05-31
290665,182105,2021-01-01
212386,186576,2022-06-27
287809,112071,2022-12-31
279043,175232,2021-06-25
244744,147654,2021-03-09
232970,148677,2022-05-29
297620,121528,2022-10-17
262024,178559,2021-05-18
210212,180230,2021-03-03
278526,152439,2022-06-26
293402,158222,2021-04-20
299808,132065,2022-11-24
263196,185790,2021-09-12
273047,136591,2022-03-07
298273,166635,2021-10-13
276280,162730,2022-03-18
246279,197834,2022-02-07
262352,168800,2021-01-29
294116,136330,2022-03-05
246547,174057,2021-11-26
259976,150001,2022-05-30
206015,106951,2021-12-18
219500,112887,2021-12-23
284381,195085,2021-05-04
254701,179444,2022-08-14
273665,161591,2021-06-06
224740,180464,2021-02-06
292208,109010,2022-06-14
256000,186393,2022-07-01
235577,177333,2022-09-11
276165,116599,2022-03-31
204040,153750,2022-09-03
249860,194512,2022-09-11
223998,110762,2021-02-27
221237,190076,2022-05-16
281872,183111,2021-03-03
286916,189576,2021-01-03
249607,114550,2022-07-30
262870,168205,2021-03-03
216966,168143,2022-06-05
253024,119085,2022-09-11
227930,118002,2022-05-30
244663,152808,2021-09-06
276376,178397,2022-07-29
268868,164797,2022-06-02
206918,138683,2021-03-14
208318,115736,2021-08-29
276606,159002,2021-10-26
288840,167328,2021-04-19
257605,194800,2021-04-18
243008,117166,2022-10-20
238229,152208,2022-08-29
243114,188775,2021-11-13
276605,109318,2022-08-24
233862,145715,2022-08-24
248943,191878,2022-02-19
259364,182898,2021-11-15
293998,106560,2022-07-30
214559,140692,2022-11-19
290654,198327,2022-01-15
200281,195849,2021-10-23
288167,173318,2021-10-23
290983,117971,2021-11-16
274595,178170,2022-01-13
294500,100911,2021-08-06
215081,179777,2022-03-27
202382,180850,2021-04-24
245179,170112,2022-09-26
259771,177524,2021-09-22
246800,194833,2022-07-02
275628,119900,2022-07-21
299417,170089,2022-10-31
253187,196367,2021-11-21
248445,197418,2021-09-17
248699,129147,2022-10-20
200383,119307,2022-09-30
223642,128055,2022-06-16
298315,152470,2021-09-06
208188,102991,2021-06-22
215097,120669,2021-06-29
247815,122721,2022-03-20
286241,179356,2022-03-18
291786,114946,2022-10-22
297971,101941,2022-11-02
274376,151923,2021-01-10
255160,115296,2022-03-21
211159,179052,2021-10-15
292012,128243,2022-12-26
279013,115214,2021-08-18
276763,170088,2021-10-08
298656,185144,2021-01-11
232004,136721,2021-08-07
297521,141180,2022-09-03
234566,194532,2022-02-14
286084,179396,2021-08-27
202176,149635,2021-04-28
227706,168766,2021-05-26
245970,105931,2021-05-02
254456,110588,2021-01-26
237210,189735,2022-11-23
242736,143283,2021-11-03
263298,154397,2021-04-07
230904,140745,2021-09-11
207777,167406,2022-07-01
224492,122218,2021-02-06
234698,172741,2021-06-09
223686,124930,2022-03-08
234585,141152,2021-10-24
278892,151629,2022-07-12
258083,183874,2021-01-18
208634,170590,2021-08-18
247654,114372,2022-11-24
220594,125652,2021-01-01
234037,126955,2021-03-03
211665,187512,2022-02-14
209142,114706,2022-05-11
293249,116397,2021-12-03
245508,150489,2021-05-15
243941,165996,2021-11-19
257373,137721,2021-09-23
227026,192827,2022-01-24
297958,132941,2021-08-18
224882,108696,2022-02-21
207076,161520,2021-11-16
292241,187000,2022-10-16
245354,125227,2021-07-21
282352,137791,2021-09-13
286000,118726,2021-05-01
281736,126262,2021-06-18
236949,129934,2021-07-17
203903,100730,2021-10-01
216754,151147,2021-10-01
203816,107608,2022-08-18
270658,122927,2021-02-21
294256,142576,2021-11-26
241934,173610,2021-12-28
291552,148069,2022-02-09
291453,100036,2022-07-03
220003,161562,2021-11-02
262425,132174,2021-03-07
274218,123668,2022-03-24
280720,109538,2022-08-15
279535,139590,2022-04-03
204802,184625,2021-11-21
234150,178809,2022-07-06
216443,162442,2021-01-27
247379,196211,2021-12-07
244989,131745,2022-09-02
211015,115550,2021-04-05
288020,143021,2021-02-27
276698,185208,2021-08-19
242648,168954,2021-07-09
297570,156256,2021-10-07
202736,182885,2022-05-21
224209,156356,2021-10-24
202599,175654,2022-02-24
228033,132020,2021-01-02
203244,121086,2022-06-25
220027,107567,2022-10-05
257812,142478,2022-12-27
268928,177799,2022-05-27
243091,163453,2021-03-17
280312,124344,2021-02-21
219584,184208,2021-11-01
243767,141174,2021-03-29
208898,138636,2022-08-03
292709,133759,2021-07-03
216427,105039,2022-09-02
288045,170952,2021-02-21
237751,125976,2022-06-28
232444,195815,2022-05-01
229568,143041,2022-07-30
246983,156508,2022-10-19
271563,141286,2022-03-03
249962,167496,2021-02-13
277408,189843,2022-12-09
286112,173559,2022-03-19
237812,154675,2021-11-13
254904,156155,2022-08-25
273690,106010,2022-09-26
298661,104551,2021-07-15
294613,145857,2022-06-08
230240,135054,2021-08-04
239437,187264,2022-10-27
224707,135914,2021-07-27
231693,143954,2021-09-24
248170,178601,2021-01-21
235881,169411,2021-08-05
259098,117211,2021-01-01
240374,103075,2022-03-04
203752,197069,2022-07-07
263427,151989,2022-01-31
252661,107385,2022-08-14
221104,198430,2022-06-07
281465,138431,2022-05-14
294577,142099,2022-05-29
209395,165400,2022-05-10
295371,175517,2022-06-20
267256,158811,2022-03-26
220451,130946,2021-05-23
240992,193486,2022-06-26
224020,103322,2021-09-07
271530,123040,2022-11-28
246157,139022,2022-09-08
247984,184036,2022-08-30
213477,192199,2021-07-26
285148,155800,2021-03-09
299252,142701,2021-10-09
265921,195657,2022-11-20
240015,105097,2021-05-04
216272,123624,2022-06-12
299406,104212,2021-05-05
206858,100373,2021-04-12
263515,146925,2022-05-30
213592,185089,2021-10-23
293854,184741,2021-12-21
240400,160976,2022-07-30
205127,123561,2022-05-13
216463,135060,2022-01-28
231970,132155,2022-07-29
288716,157009,2022-06-26
242001,121622,2021-09-07
298841,101919,2021-10-12
232764,126322,2021-09-27
263246,112011,2021-06-16
257709,125747,2022-12-03
205786,163347,2022-02-27
215777,177711,2021-01-20
260559,194322,2022-01-21
249042,145192,2022-12-19
262901,176162,2021-11-22
261841,158805,2022-06-16
201361,157180,2021-01-13
252237,146883,2021-11-06
253653,115674,2021-05-22
233481,120612,2022-11-17
218664,180621,2021-05-21
224388,117758,2021-12-29
215452,160781,2021-07-23
254048,151288,2022-10-06
274556,191709,2021-05-23
271442,148011,2022-05-03
291469,198178,2022-04-21
254543,190561,2022-07-18
226716,189156,2021-09-13
269696,101716,2021-04-25
298270,186746,2021-11-23
228645,158062,2022-06-07
295040,149058,2021-01-01
215318,158986,2021-09-20
281171,160791,2022-08-14
294290,143502,2022-11-04
216263,157787,2021-11-03
203438,172902,2021-03-02
241483,182250,2021-02-08
229754,113165,2022-02-17
264826,162050,2022-01-04
244252,138573,2022-07-01
295623,120156,2022-10-27
256469,108291,2022-03-28
211836,110912,2022-08-25
247537,136120,2022-05-26
222341,184922,2022-05-18
298665,125765,2022-01-10
251445,151039,2021-11-29
242941,159921,2021-04-22
231615,114701,2021-01-24
259660,117834,2021-08-30
295313,133495,2022-10-26
287433,138456,2022-07-17
243867,164678,2022-08-19
238061,124389,2021-07-24
261513,132080,2021-01-02
263714,168468,2022-09-10
236890,148109,2022-03-22
257840,167192,2021-02-07
241233,161799,2022-11-23
284765,143166,2022-03-30
269976,151627,2022-09-11
247126,137326,2021-11-19
282462,184765,2021-04-10
275894,143965,2021-03-20
264064,163556,2022-08-18
268437,177075,2021-04-26
264411,160986,2021-08-23
256095,176214,2022-12-27
292887,167050,2022-11-05
274135,161648,2021-12-13
285845,122108,2022-07-06
264176,184071,2021-05-29
206743,178984,2022-04-07
205080,156268,2021-10-08
261187,182549,2022-01-31
269684,171179,2021-11-16
215526,199468,2021-11-27
260913,188292,2022-11-25
287383,158445,2022-02-21
215609,116756,2022-06-15
243446,160914,2022-11-08
291923,124159,2022-07-07
268954,118208,2022-05-27
223075,133793,2022-12-26
205230,125045,2022-11-19
298165,188429,2022-12-17
289975,114661,2021-03-02
210820,103214,2021-10-03
262904,117483,2022-10-29
291864,102588,2022-01-20
216507,143290,2022-02-09
214558,124997,2021-11-25
203764,119628,2021-11-30
233795,160418,2021-08-17
228201,154061,2021-09-14
202290,141395,2022-03-12
270034,181008,2021-04-14
222250,187969,2022-06-21
271304,118160,2021-06-14
285600,196342,2021-08-11
219902,130915,2021-12-02
250751,188058,2021-01-23
223151,115326,2022-11-21
262239,150045,2022-08-28
286639,152086,2021-06-29
264967,153751,2021-10-17
268160,142895,2022-11-15
274465,197245,2022-06-21
208817,118063,2021-04-20
245112,108205,2022-06-22
290353,161158,2022-10-12
275782,123390,2021-10-23
239455,100150,2021-04-30
205044,175509,2022-04-30
209989,195279,2022-10-19
201138,138812,2021-09-27
224878,172967,2022-09-19
293056,108912,2022-01-23
283544,171178,2021-10-26
247900,176909,2021-09-17
245502,158186,2022-12-29
230033,108059,2022-05-11
287518,115060,2022-06-28
270280,136909,2022-02-10
225958,124309,2021-03-18
298016,103107,2021-01-02
283202,198123,2021-02-18
234991,165106,2022-11-09
291849,179417,2022-04-04
243898,161992,2022-04-05
280347,180250,2021-03-07
252508,165800,2021-05-08
263331,186664,2022-07-23
273404,134274,2021-03-17
247611,190277,2022-03-18
282252,170022,2022-10-02
274182,120514,2021-08-21
220124,101756,2021-11-12
267243,181779,2021-07-11
258300,183478,2022-03-09
240939,143268,2022-11-06
295887,174943,2022-02-20
272117,153146,2022-03-13
220299,183496,2021-08-21
265231,127048,2021-06-03
230422,152879,2022-11-19
245516,156647,2022-12-10
284408,132925,2022-06-04
275855,161408,2022-12-05
292253,118646,2021-09-01
296016,154784,2022-12-29
245369,103294,2022-06-10
290576,121074,2022-08-08
233122,130368,2021-01-05
219889,101535,2022-11-01
279678,189291,2021-05-25
203044,147176,2022-11-20
259094,149873,2021-02-13
219581,167655,2021-05-13
270081,122804,2022-12-11
254733,178152,2021-03-29
260088,187524,2021-11-08
265489,148980,2022-09-07
265944,111468,2022-09-09
248832,111306,2022-08-19
298153,100280,2021-01-22
228273,196161,2022-08-13
265255,105527,2022-10-02
227600,151006,2021-02-06
221756,126162,2022-12-16
223832,176473,2021-04-07
228100,105783,2021-11-14
286591,104540,2021-10-05
266501,134021,2021-08-09
294600,122698,2022-01-28
270259,138357,2021-08-07
215278,139814,2022-08-28
266088,119699,2022-07-10
276808,133176,2021-11-17
215451,146971,2022-12-29
244855,162537,2022-12-31
294373,104160,2022-09-28
253429,171711,2022-08-13
227302,101184,2021-03-03
268001,150004,2021-10-08
266519,115373,2022-05-15
215393,130364,2022-06-01
248433,187007,2022-06-27
267362,127616,2022-10-24
256670,162215,2022-01-04
294353,138441,2022-07-21
226561,117153,2021-01-18
255951,133498,2021-12-24
247886,198304,2021-10-28
217847,167425,2021-02-01
273109,125686,2022-09-14
212040,161338,2021-10-03
208907,109839,2021-08-16
247481,168363,2022-02-23
254798,169572,2022-10-22
210996,153850,2022-11-28
287836,162666,2021-08-15
299374,178605,2021-08-24
270358,182193,2021-07-25
297285,142260,2021-09-11
224565,111233,2022-12-10
204503,198446,2022-07-14
218277,197458,2021-03-18
245034,130154,2021-07-14
286247,158030,2022-09-27
221927,131069,2021-01-18
250411,140704,2022-06-07
254031,135915,2022-03-31
271763,189984,2021-09-20
230586,145538,2021-07-07
270928,165371,2021-05-06
277640,170411,2022-01-26
268481,171694,2022-09-13
258110,140700,2021-05-02
284551,138815,2022-05-19
215237,193388,2021-12-15
219649,153007,2022-06-22
205074,118112,2022-01-30
294458,103992,2022-01-16
255666,146098,2022-03-02
260853,152246,2021-11-21
200293,176666,2022-06-30
290312,155305,2022-06-24
229235,131060,2021-04-27
231112,175976,2022-06-18
209751,170065,2022-09-29
235527,120327,2022-12-27
257364,164271,2021-11-06
239922,127146,2022-11-28
279081,157330,2021-08-24
270672,197676,2021-12-03
289595,150416,2021-03-28
268138,172747,2022-02-19
225509,184537,2022-06-01
268394,162833,2022-03-03
208678,117401,2021-08-04
239201,118069,2021-02-05
285417,197966,2021-04-26
293486,111366,2022-06-06
259729,138244,2022-01-20
229862,140950,2022-01-13
274307,143075,2021-11-07
209750,107248,2021-04-29
297888,147936,2022-08-17
218902,109881,2022-01-04
220400,143864,2022-08-02
219612,112405,2021-11-28
239563,119545,2022-02-20
212733,137704,2021-06-19
250167,128548,2022-05-16
223899,140077,2021-06-30
226340,196778,2021-03-12
263437,173900,2022-02-08
297507,171968,2021-07-02
254798,137669,2021-11-18
220578,132573,2022-02-01
263623,115070,2021-09-23
286032,154842,2022-08-28
219314,170075,2022-01-18
290500,157647,2021-09-15
293808,145605,2021-10-10
235934,141213,2021-09-16
292334,107228,2021-04-27
289942,186154,2022-09-07
227163,161440,2021-11-22
228834,124728,2022-06-06
289495,137436,2021-02-05
270234,125273,2021-07-22
280737,122733,2022-07-23
201031,146114,2022-07-21
261846,161888,2021-05-30
275139,141353,2021-10-17
276691,118047,2021-10-02
232222,138265,2022-04-24
213249,116137,2022-03-29
279295,107279,2022-10-09
215479,151975,2021-01-28
287216,175883,2022-05-20
203990,178433,2021-07-03
298052,157874,2022-02-14
222134,134012,2022-12-07
261828,159166,2022-02-25
227529,124345,2022-07-23
200344,120795,2021-12-07
246688,155520,2022-02-25
266507,189924,2021-04-10
217122,119597,2022-06-05
247693,116756,2022-08-16
244551,184657,2021-07-05
234970,117727,2021-06-16
261844,121650,2022-02-16
284532,171484,2022-11-28
203706,172054,2022-09-20
297873,127794,2022-08-31
255276,122784,2022-11-24
236758,117110,2021-03-18
241220,117389,2021-06-13
228881,107191,2022-09-08
239853,162359,2021-08-11
240798,141864,2022-05-10
288386,103656,2022-02-24
257614,127980,2021-04-20
267814,110190,2022-02-07
291139,114749,2021-01-14
238526,141522,2022-10-25
294111,158526,2022-02-20
269616,171735,2022-07-11
286533,177721,2022-06-18
295437,143887,2021-05-16
256530,168026,2022-01-06
230570,169030,2021-07-13
237227,149456,2022-07-06
279059,123653,2021-09-09
223372,107424,2022-05-20
278905,172363,2021-09-15
251650,104721,2021-10-15
230778,177720,2021-10-26
294440,184688,2022-06-08
267863,107542,2022-08-09
236204,134821,2022-02-05
275793,117318,2022-04-02
234137,131745,2022-10-02
222663,105134,2022-06-01
219339,149665,2021-09-23
260045,194933,2021-01-24
226678,184233,2021-11-11
274277,120962,2022-11-09
245448,186588,2021-07-23
292216,168089,2021-12-07
231257,133288,2021-07-15
259783,141034,2022-08-14
241732,156132,2022-09-01
258529,101655,2021-02-26
205376,174974,2022-05-16
247885,142874,2021-09-30
247835,170310,2022-02-12
294889,131114,2021-05-02
277639,128646,2022-08-21
256270,103390,2022-09-29
285370,181564,2021-12-24
259965,122756,2021-06-26
273876,174040,2022-12-21
212440,169146,2022-10-04
247504,100925,2021-01-07
249565,145972,2022-05-30
239742,141799,2021-11-23
293066,131625,2022-01-22
292383,136805,2022-06-19
255900,191244,2022-10-04
296270,163877,2021-04-11
219618,168002,2022-05-29
247167,130464,2022-03-02
257200,123386,2022-06-28
208664,136336,2022-04-19
263360,151096,2021-08-01
220050,113975,2021-01-29
234126,198884,2021-10-21
288032,166153,2022-03-07
273730,162861,2022-05-24
291634,171073,2022-03-17
230405,159715,2021-08-08
235197,122844,2021-07-06
272716,137221,2022-12-12
239955,122432,2021-08-21
264139,190107,2022-06-13
223122,191939,2022-09-10
268125,115350,2022-10-18
203535,126507,2022-05-01
254284,180002,2022-07-26
258481,179924,2021-07-24
241006,115320,2022-04-03
233926,170077,2021-04-02
263365,186224,2021-06-06
264994,150431,2021-04-18
275107,142412,2021-01-23
250273,123577,2022-05-27
257360,113123,2021-01-20
251757,145306,2021-07-24
275574,140203,2022-01-17
288160,181416,2021-07-29
296504,138195,2021-12-13
224006,135300,2022-11-16
217694,181130,2022-12-05
234161,105357,2021-03-05
258545,120340,2022-07-20
242652,193063,2022-02-13
242560,165347,2022-09-24
202130,168141,2021-01-25
243854,147623,2022-12-01
240320,179544,2021-08-10
240112,126302,2022-12-27
289421,158852,2022-09-15
260843,169440,2022-01-31
293057,147848,2021-05-05
284559,122444,2022-11-05
226257,183794,2021-08-08
228325,149882,2021-08-02
216889,106577,2022-10-22
279105,181624,2021-01-11
214168,117178,2021-08-12
201260,143457,2021-07-19
236707,157924,2021-05-15
255994,172490,2022-03-05
238177,103521,2021-09-01
297694,199972,2021-12-09
286066,122580,2022-07-02
280064,191520,2022-12-14
261386,152519,2021-04-19
297935,196327,2022-05-29
213084,193540,2022-04-20
213154,111508,2022-08-12
299138,139109,2021-06-22
209106,132764,2021-04-27
269717,137181,2022-10-29
271888,184597,2022-04-02
259089,148560,2022-05-16
294384,185428,2022-02-04
277978,109548,2021-06-01
233227,140732,2021-02-06
205581,143783,2021-07-19
266085,193854,2022-01-07
207486,189918,2022-07-17
258204,182557,2021-12-13
259713,149121,2022-11-16
217774,165682,2021-09-04
272909,102113,2021-06-03
296968,151280,2021-09-17
283698,187248,2022-11-09
287978,121258,2022-11-30
262738,188536,2022-03-15
233223,163190,2022-09-10
268560,175721,2021-01-12
278864,192188,2021-12-13
288642,146203,2022-07-20
245364,183463,2022-05-16
219000,127666,2022-02-28
290202,168100,2022-09-30
253496,182978,2021-01-18
267279,187004,2022-06-21
297192,128984,2022-08-04
221573,163292,2022-02-04
278200,198422,2021-11-15
233670,169408,2021-01-29
270485,187439,2021-03-23
291823,152370,2022-05-28
216423,109213,2021-04-15
238097,162510,2022-03-03
256772,134801,2021-07-01
297238,176040,2021-10-01
243825,197038,2022-06-19
215348,196895,2021-01-12
247726,173322,2022-10-15
280202,138307,2021-12-08
253074,184679,2022-06-18
242110,158901,2021-07-31
281025,128300,2021-11-19
296794,162234,2022-06-16
255597,136127,2021-06-14
216758,117568,2021-10-08
200477,155769,2022-09-16
298494,146651,2021-02-19
286225,104148,2021-03-03
250459,196087,2021-08-18
224700,121234,2022-05-08
259917,183573,2022-05-11
232058,181908,2021-06-17
234287,115699,2021-02-13
262108,121315,2022-05-31
287637,172398,2021-02-20
298168,129975,2021-10-07
203550,194810,2021-03-01
265546,120536,2022-01-31
277800,109227,2021-03-02
252942,172034,2022-10-16
242922,127018,2022-10-03
269258,138681,2021-04-09
260894,117359,2022-08-08
211123,140327,2021-11-11
209746,172142,2022-06-16
281562,190479,2021-11-28
210528,158543,2021-04-02
209332,171915,2022-02-20
216325,129183,2021-12-17
238258,139337,2021-06-13
215062,120773,2021-07-12
255928,163164,2021-04-29
238052,142277,2021-06-13
234099,162495,2021-11-01
222233,155995,2021-09-06
273586,193540,2021-12-12
247048,153140,2021-11-22
210539,121480,2022-09-12
257048,193923,2022-04-27
212223,161758,2021-04-18
236135,107166,2021-07-11
279391,129588,2021-03-13
292798,132517,2021-01-25
239795,177915,2022-01-29
217965,145388,2022-03-12
230612,140481,2022-04-09
249307,180187,2022-06-26
290396,198922,2021-08-29
265644,101465,2021-11-11
247812,144769,2022-09-20
298726,196050,2022-03-18
200380,180009,2022-08-29
206452,102155,2022-01-26
210580,137795,2022-10-07
227407,182612,2021-02-28
205123,120978,2021-05-31
237671,118665,2021-03-12
289437,166842,2021-12-14
286953,113461,2021-02-03
243559,194666,2021-07-19
299262,105017,2021-04-13
204146,152864,2022-03-13
276170,112574,2022-02-04
273910,179159,2022-05-31
200194,151566,2021-03-26
243961,108341,2021-09-02
204296,110362,2021-05-28
298343,116716,2022-11-22
225892,138642,2021-03-30
240299,117669,2021-12-17
267879,143820,2022-02-07
263338,191283,2021-02-11
224370,159877,2022-08-23
258742,171301,2021-09-19
273953,105218,2021-07-30
203076,187699,2021-09-07
296932,106450,2021-09-16
232040,164562,2022-05-26
270109,184655,2021-10-28
247485,108978,2022-07-18
295472,131586,2022-04-02
210538,168956,2022-03-01
248669,118244,2021-12-08
207967,130593,2022-06-11
272714,101377,2021-10-11
201293,188978,2021-12-27
283732,148208,2022-12-17
234937,100024,2022-05-16
216240,135546,2021-08-21
222648,127239,2021-01-25
253443,159204,2022-09-29
210774,161698,2021-01-23
230743,196044,2021-05-23
205631,157226,2021-03-04
228335,121405,2021-01-04
229634,154758,2022-12-05
290112,147016,2022-05-20
256565,159872,2021-11-26
226180,127018,2021-05-10
227945,107280,2021-07-26
293513,166882,2022-11-09
236506,161528,2021-01-13
293149,101548,2022-01-03
260347,181805,2021-10-25
297962,130014,2021-07-20
287042,120372,2021-07-15
286811,194796,2021-10-03
262505,140188,2021-06-02
218718,137842,2022-04-08
231069,170698,2022-02-26
265080,113862,2022-05-17
242551,124075,2022-11-01
281437,188125,2021-09-22
216873,110214,2021-05-29
253230,173308,2022-08-12
251142,117492,2021-09-02
264133,170523,2021-01-11
243854,190399,2021-04-19
229404,121376,2022-02-27
279224,153451,2022-12-27
209493,187324,2021-05-29
212200,125241,2021-02-27
222906,172419,2021-03-30
292278,169597,2022-09-04
211460,156039,2022-10-22
281247,166135,2022-10-22
227988,147296,2021-09-29
258953,193666,2021-01-27
216821,186398,2022-01-20
205687,165930,2021-03-17
268255,126174,2021-11-23
234452,188855,2022-04-21
276762,106240,2021-09-20
215264,167075,2021-10-26
296980,102399,2021-09-02
237839,161835,2022-05-21
221724,126628,2021-03-04
269517,198972,2021-03-11
288985,113553,2022-08-23
200969,189752,2021-09-02
290961,153638,2021-05-08
205685,111556,2022-03-06
251884,148593,2021-08-11
247670,110822,2022-03-14
247854,126639,2021-03-26
246342,114612,2022-04-01
252283,128820,2022-12-01
235844,106301,2021-03-30
266696,155740,2022-06-28
253615,149897,2021-09-19
255058,198873,2022-02-19
242980,164003,2022-08-20
292084,110869,2021-04-03
252416,117901,2021-08-05
237287,176181,2021-09-27
275436,131732,2021-07-16
256174,153418,2021-09-18
240800,151267,2021-03-16
255779,168948,2021-09-11
266928,179434,2022-04-11
293492,108219,2022-12-09
274853,143934,2022-10-11
277302,189737,2021-01-08
218450,144581,2022-12-28
222495,124044,2021-05-01
261473,132204,2021-10-31
201111,126470,2022-08-26
213557,139482,2021-04-17
258182,126798,2022-10-13
261887,183322,2022-09-01
240404,178320,2022-11-21
248609,185032,2021-07-20
271307,179785,2022-06-17
273199,159068,2021-01-02
261591,183486,2021-03-06
216909,105501,2021-02-08
229114,145675,2022-07-09
210325,101354,2021-04-25
299882,119126,2022-07-01
259585,169156,2022-07-25
259302,169463,2021-07-01
239986,143603,2021-03-01
212493,148654,2022-10-26
275272,197417,2022-08-11
268728,196570,2021-06-24
238154,101742,2021-02-17
214685,197362,2022-01-07
215361,118082,2021-08-13
215991,126343,2021-12-30
297953,175600,2022-11-11
