order_no,prod_cd,quantity
277879,1024,3
228216,1011,1
278420,1018,4
234255,1007,5
234310,1011,9
249536,1026,6
237228,1025,7
237579,1021,6
269845,1026,1
270518,1007,9
276370,1018,6
238060,1010,2
251747,1011,5
222633,1018,4
293700,1001,3
284097,1034,3
202567,1019,1
226750,1014,5
285083,1033,2
250877,1011,9
217621,1010,4
208382,1028,8
292124,1007,6
241003,1011,9
215954,1016,8
212599,1032,7
236338,1023,1
211683,1029,8
287371,1012,9
243113,1011,3
200096,1024,9
217848,1030,8
293667,1009,9
293147,1011,4
253629,1034,6
212162,1007,2
260650,1026,2
214607,1007,4
263348,1031,5
234135,1005,6
272293,1016,3
271870,1020,5
235188,1014,5
288699,1010,9
203233,1013,9
275157,1015,7
249474,1026,4
205841,1030,8
282056,1018,6
244906,1004,4
204773,1006,9
289893,1017,6
236794,1021,4
260940,1022,2
264680,1031,2
214321,1033,2
284262,1023,1
245023,1014,5
204839,1019,8
209005,1023,7
264755,1004,2
271813,1001,6
287926,1016,8
278457,1023,5
256096,1024,3
241229,1028,1
230745,1018,4
239667,1023,2
218003,1004,2
236370,1030,6
271509,1029,5
212182,1020,9
299498,1027,4
221467,1006,9
210691,1011,3
263968,1003,5
264697,1023,6
292626,1033,7
234731,1001,7
282637,1015,5
244406,1007,2
255628,1016,8
206795,1003,6
250218,1031,7
254359,1003,1
227905,1017,8
240458,1026,8
290058,1010,9
292289,1008,4
257919,1028,3
228114,1014,9
242599,1028,8
246907,1010,3
291369,1024,6
266329,1018,5
288115,1022,3
272086,1015,4
260729,1010,5
233519,1034,5
281865,1029,9
224153,1007,8
275448,1027,6
259205,1007,3
273581,1012,4
279063,1033,5
268285,1006,1
241041,1030,5
259195,1032,3
211626,1030,8
253844,1020,3
294599,1001,4
233840,1003,3
219525,1009,3
212314,1024,8
250395,1029,3
207411,1007,5
243885,1033,5
247238,1015,3
202978,1031,1
211506,1026,3
240680,1009,2
214148,1034,5
215097,1013,4
276532,1032,3
225586,1005,2
259904,1003,8
260901,1026,8
227189,1003,7
264138,1030,3
218174,1022,3
207314,1001,4
200806,1006,2
263543,1010,8
217789,1012,4
288519,1005,6
236595,1002,3
209590,1016,9
209294,1005,2
295956,1007,9
228063,1017,3
247405,1015,1
247240,1001,9
255217,1027,3
256905,1027,9
274611,1023,6
251700,1006,6
274031,1033,4
232246,1004,1
278077,1027,8
207341,1021,5
254766,1002,3
220563,1020,3
269113,1007,1
285013,1020,8
228066,1015,6
297553,1001,7
240137,1018,9
220391,1023,1
288402,1009,6
211660,1011,1
291242,1012,9
227483,1013,7
232535,1034,4
267016,1025,5
200895,1008,4
289938,1013,1
270893,1028,3
203641,1005,5
229912,1030,3
295871,1022,2
285854,1002,2
262678,1017,3
212594,1007,5
244207,1003,9
269874,1025,9
239779,1014,4
273811,1006,5
255985,1021,8
292141,1011,6
211957,1028,9
283229,1025,3
250764,1028,2
264848,1025,3
296652,1005,4
256602,1017,2
257213,1016,6
247974,1025,1
218221,1007,7
247168,1021,1
216445,1004,4
240241,1014,2
232790,1020,6
224261,1020,8
283697,1001,8
208711,1011,6
257290,1009,7
297415,1001,3
202435,1034,3
221378,1015,3
232149,1001,8
270948,1014,6
249239,1009,4
255707,1009,7
284947,1009,5
251405,1027,4
255426,1028,1
226920,1033,2
295854,1026,8
229993,1017,4
217088,1020,8
236420,1031,9
205981,1028,3
271780,1012,5
248308,1033,6
259012,1026,8
208575,1007,7
208900,1001,8
245247,1010,4
234784,1031,5
226392,1019,8
298454,1013,2
216723,1021,8
289908,1004,9
236671,1024,4
231038,1020,3
244722,1014,5
249924,1002,4
285547,1013,3
203889,1005,6
260800,1030,2
297427,1011,2
273491,1020,5
271343,1014,7
218857,1029,4
237557,1011,5
264686,1001,9
268471,1024,1
295710,1004,7
277121,1002,7
297521,1013,3
205126,1003,8
205880,1032,5
207176,1006,7
230116,1016,9
295066,1023,8
244341,1014,1
286846,1019,8
265277,1029,4
275906,1002,6
205760,1033,1
202951,1026,5
287943,1023,6
231438,1014,2
211689,1009,1
234571,1005,6
249488,1022,7
269643,1034,8
296227,1009,3
279235,1012,8
226357,1012,4
282200,1013,1
289997,1006,3
213122,1024,2
225898,1010,3
212734,1004,7
238271,1016,4
245045,1021,4
241854,1025,5
275475,1027,9
289983,1002,8
243640,1016,3
257152,1018,9
293376,1006,2
237304,1002,9
254799,1021,9
221548,1029,5
255697,1009,9
204629,1034,2
203814,1017,3
285124,1017,2
268893,1023,9
217426,1001,3
210954,1009,9
271730,1030,9
274459,1024,6
234793,1015,6
261045,1025,5
224407,1017,4
215070,1030,3
270059,1034,4
213133,1018,2
287689,1023,8
294639,1004,8
227739,1011,6
208356,1013,2
223501,1016,2
231126,1015,1
230360,1021,1
252231,1002,3
220263,1022,5
294723,1031,2
251568,1024,4
265662,1023,2
255567,1016,6
292054,1031,2
211690,1006,1
284727,1003,8
274308,1010,9
221887,1014,5
279646,1007,3
232106,1022,3
272244,1006,4
272194,1028,8
237860,1023,8
226592,1010,7
231328,1012,1
258727,1023,6
200574,1028,3
211752,1009,4
208494,1022,4
240022,1003,1
254615,1011,2
276897,1032,7
204023,1031,8
252193,1013,2
233160,1014,2
277315,1032,8
231530,1018,1
203961,1009,8
210463,1002,8
271585,1011,1
293121,1032,9
256935,1007,1
276199,1020,7
250228,1029,9
241283,1019,7
255319,1029,8
247898,1006,6
279355,1033,9
210867,1012,9
207133,1020,6
207038,1006,3
219651,1033,3
223129,1023,9
297534,1020,3
288326,1018,4
258015,1026,6
217410,1034,5
209872,1006,9
274603,1013,3
253798,1019,3
220804,1012,7
296136,1026,5
262160,1006,4
230427,1024,3
272977,1034,8
221823,1016,2
298100,1028,3
287508,1005,9
227771,1024,3
288013,1006,9
246632,1011,3
236794,1002,1
285851,1005,3
284341,1001,6
200222,1003,1
226193,1030,7
250358,1002,7
251230,1018,2
266633,1004,3
274933,1001,5
203351,1007,1
200694,1029,8
248503,1013,9
297338,1033,6
284151,1023,5
216097,1018,2
246577,1006,8
281193,1012,2
208237,1003,4
275745,1014,5
200344,1001,7
248055,1008,7
266946,1032,5
271696,1010,3
247938,1013,8
220693,1019,7
255640,1007,2
200719,1009,8
206406,1029,5
292559,1019,3
269137,1015,2
290956,1033,4
289493,1006,6
297123,1032,7
290290,1031,8
207325,1015,2
216112,1004,9
237082,1010,9
210032,1011,2
215773,1023,9
270334,1033,4
214733,1017,1
283205,1019,5
213686,1015,3
223751,1020,1
229562,1031,1
226894,1030,5
234895,1009,4
295471,1028,1
220175,1009,6
285254,1028,7
279573,1015,5
230582,1002,8
215997,1007,8
211085,1002,2
222620,1002,4
266584,1013,7
244507,1031,2
201944,1016,9
278594,1008,8
291402,1010,3
213706,1019,6
289410,1023,9
280283,1016,3
205752,1004,9
232753,1029,8
216752,1014,8
212684,1007,5
209572,1007,1
280480,1004,7
296331,1013,3
259612,1027,2
227859,1030,9
278306,1021,5
260882,1018,7
237077,1010,3
238793,1005,3
277262,1026,1
261562,1024,9
263691,1028,6
258356,1029,2
265556,1003,2
248250,1021,3
249948,1031,2
226089,1028,4
273001,1007,3
240499,1011,3
285177,1027,4
255003,1032,4
213923,1025,5
206950,1002,5
271341,1002,6
291499,1008,3
242283,1030,7
226768,1004,8
209250,1026,6
295527,1004,1
269833,1003,4
265519,1022,2
290811,1003,5
261435,1016,2
246246,1024,1
222401,1028,6
202924,1010,1
268904,1030,7
269778,1012,2
205846,1019,8
225870,1028,9
261150,1025,4
246792,1023,1
254909,1010,9
252164,1031,8
273075,1031,1
261180,1033,5
258195,1024,1
216407,1024,2
264379,1014,5
224836,1008,5
214640,1001,6
257530,1013,7
209208,1010,2
252060,1013,7
294427,1032,3
244845,1027,9
206221,1012,9
285323,1021,9
251426,1034,5
221814,1028,5
238310,1013,7
246600,1026,5
233093,1016,9
211613,1028,1
293427,1022,3
244189,1004,6
251302,1004,5
265343,1033,4
274193,1028,8
282368,1018,7
217163,1018,6
224293,1030,6
290495,1031,2
286430,1034,2
294303,1004,2
263443,1008,6
242323,1010,7
291810,1031,6
245272,1013,7
297993,1032,8
298002,1005,2
227752,1033,1
237797,1023,8
221471,1025,6
262630,1012,1
286074,1013,2
264195,1030,7
203076,1013,5
209002,1017,8
277725,1002,7
236327,1008,3
251498,1028,9
200509,1015,1
289973,1001,4
271038,1022,3
206480,1017,4
274219,1030,2
289675,1003,4
274906,1020,7
288563,1026,1
297728,1019,9
297265,1019,8
201360,1029,8
201156,1005,8
240250,1024,4
293986,1015,6
247894,1028,4
211915,1016,5
221135,1001,5
204570,1010,4
261539,1019,8
298307,1007,9
269156,1003,4
259497,1013,2
247358,1022,3
270615,1016,1
260690,1021,4
288014,1034,5
250670,1020,3
233115,1017,5
263741,1032,9
200755,1021,5
261310,1019,3
283860,1025,6
274323,1027,9
229901,1024,9
213471,1030,3
209720,1002,4
237715,1034,3
208730,1002,1
255802,1015,1
218078,1005,3
232071,1033,8
273707,1028,3
282162,1016,6
232952,1020,3
222539,1001,8
233016,1011,8
298990,1020,4
201955,1015,1
251541,1028,4
244673,1006,9
282170,1013,6
291798,1024,2
233326,1014,1
222562,1021,5
229790,1021,9
220148,1025,9
277772,1008,2
271728,1030,1
237323,1014,4
261948,1010,9
262282,1020,6
273741,1001,3
223028,1032,2
222932,1031,8
265597,1029,2
286346,1016,5
247860,1006,7
275807,1001,9
246079,1009,8
265681,1017,7
243578,1026,4
261534,1001,1
234996,1032,9
279119,1018,6
244692,1015,6
204900,1009,4
243422,1001,3
210476,1016,8
294753,1011,9
271102,1015,1
270982,1004,2
272834,1023,2
221465,1033,4
279003,1013,4
266995,1011,6
249155,1005,8
296055,1015,8
290537,1013,5
214710,1009,3
269899,1019,3
259580,1022,8
271005,1009,6
274214,1028,4
288925,1018,8
252445,1020,7
231312,1033,9
297809,1015,7
296938,1004,5
247436,1011,4
224563,1028,7
276562,1002,8
267298,1023,3
234795,1024,8
297609,1025,9
268203,1024,7
244214,1018,7
281176,1006,8
290995,1031,4
202110,1026,8
270582,1008,1
201519,1009,5
201880,1030,9
221652,1026,8
219551,1019,4
227416,1015,4
212958,1017,2
235742,1022,5
266715,1001,3
271451,1033,5
231868,1018,9
218594,1021,8
265536,1023,7
275645,1012,4
205823,1009,3
239854,1002,8
218912,1012,4
234303,1011,6
216263,1013,4
210116,1028,7
270394,1021,9
221137,1001,5
209675,1012,6
262493,1018,6
289344,1019,1
261702,1024,6
265464,1033,4
207856,1020,1
262572,1003,8
258761,1015,3
215823,1015,5
281946,1025,1
268181,1005,2
202944,1020,3
201787,1026,7
204650,1019,2
223593,1032,7
289502,1028,2
227711,1002,3
249791,1011,8
243454,1014,1
282534,1024,8
242265,1010,4
255389,1020,9
245289,1014,7
295555,1019,2
287433,1029,6
212331,1009,8
295454,1001,1
274179,1023,3
288542,1024,6
278794,1012,7
226645,1001,3
246551,1006,6
288509,1009,5
258330,1015,1
208058,1004,6
274149,1016,2
294636,1006,7
212117,1006,8
256721,1007,5
250673,1018,8
246978,1005,2
232235,1024,9
248464,1023,2
208292,1006,1
288186,1026,2
214429,1026,5
271029,1015,1
264626,1031,5
219380,1011,2
206338,1007,4
212347,1009,9
270590,1002,3
239997,1005,9
248918,1022,6
211434,1034,2
242738,1008,6
240892,1034,1
228693,1002,7
293345,1015,8
200519,1019,8
202876,1017,4
210667,1028,4
276238,1001,5
222342,1011,1
230958,1017,9
298858,1012,5
246333,1010,2
262613,1025,1
283139,1021,9
246100,1002,2
261114,1018,9
245292,1003,5
234174,1011,2
232266,1006,3
267236,1019,1
297715,1005,6
282832,1011,8
234270,1004,4
276433,1022,4
259378,1011,4
269816,1003,8
229435,1013,2
218450,1005,4
238730,1022,1
278215,1031,4
225338,1029,5
206172,1019,9
275422,1011,2
223682,1013,6
295283,1027,7
260611,1032,9
233495,1008,5
294564,1024,5
277221,1014,1
274103,1014,4
234971,1002,5
205521,1004,8
282101,1017,9
255391,1003,8
283217,1018,5
266991,1008,1
280103,1028,5
268631,1017,2
259228,1001,7
269823,1024,4
255487,1019,9
268831,1023,5
279350,1026,4
263650,1017,8
236929,1021,1
241293,1010,2
223977,1030,8
257812,1026,2
294248,1023,2
203077,1010,2
271171,1026,7
230117,1029,1
214513,1011,3
245055,1019,2
218285,1027,5
247683,1020,9
234697,1027,7
202132,1033,5
294587,1007,5
240198,1019,7
286315,1004,2
235385,1031,1
251161,1020,3
298013,1008,3
275706,1027,5
216358,1003,6
281838,1019,4
299789,1026,7
205186,1001,6
233497,1009,9
291626,1021,6
277750,1033,8
256997,1023,3
228443,1004,9
270025,1002,1
264652,1022,4
253533,1014,7
206252,1001,2
289773,1014,2
263738,1029,8
240146,1020,7
215848,1034,9
228020,1012,1
225356,1004,9
223964,1004,8
272065,1016,3
281246,1020,6
237038,1003,8
232903,1007,9
244781,1025,8
202117,1022,7
276590,1029,6
218435,1033,3
235650,1025,4
225479,1022,5
279809,1006,9
226276,1016,1
238072,1010,7
230433,1014,1
259598,1012,2
258281,1031,3
232264,1028,6
282370,1031,6
251581,1017,6
294000,1001,5
273455,1031,9
228107,1023,6
297170,1015,2
268204,1021,4
295008,1024,7
220618,1033,3
295240,1026,1
283204,1003,6
203783,1026,2
254238,1006,2
287867,1021,3
222859,1015,4
254711,1012,4
248199,1012,3
274954,1018,9
227972,1010,6
226005,1019,7
267848,1022,2
248349,1030,2
275654,1004,8
291629,1018,7
236391,1033,9
247071,1029,5
214946,1005,7
251824,1013,5
223371,1011,2
286587,1030,5
235123,1009,8
275796,1011,1
255897,1009,1
241160,1015,1
212658,1005,9
220133,1008,5
299068,1024,3
255353,1024,4
201532,1031,7
256534,1033,9
229101,1012,9
227383,1021,3
271231,1010,7
252630,1025,2
258643,1002,3
256890,1028,3
208486,1008,4
270145,1013,5
279414,1027,7
242777,1020,5
255654,1033,3
232186,1004,5
209146,1029,4
210669,1031,8
248351,1019,5
244263,1015,1
299395,1002,7
203863,1019,4
249928,1021,4
241703,1026,6
279728,1026,5
221919,1027,1
249919,1030,8
231060,1002,4
231783,1025,7
283430,1014,3
241506,1013,1
203071,1007,5
201413,1025,7
291935,1013,6
219735,1032,3
287015,1006,4
271636,1025,9
222998,1032,1
257832,1008,5
236242,1019,3
267582,1019,4
281691,1032,9
286990,1032,3
291481,1015,4
253168,1017,1
281243,1034,3
276451,1010,6
254003,1032,5
221454,1024,1
258321,1005,6
212770,1025,2
237767,1006,1
207890,1012,1
280680,1031,5
297347,1028,7
228149,1002,7
256633,1015,3
295846,1016,3
246700,1034,4
206728,1005,9
275027,1012,7
238289,1011,3
232651,1014,7
209331,1003,7
242646,1020,9
259775,1031,9
236413,1028,6
222335,1003,8
215604,1031,6
233117,1030,1
274078,1010,3
254682,1031,1
269634,1017,3
236070,1008,8
255742,1032,6
229034,1010,1
215139,1008,3
273766,1001,7
217420,1012,8
250175,1023,3
255648,1021,1
220387,1025,3
207166,1034,7
257548,1031,5
261522,1008,1
216419,1001,5
255877,1033,3
257915,1013,5
263553,1015,2
267215,1026,4
246386,1016,5
211170,1018,7
273104,1034,8
238205,1020,2
236622,1026,3
236537,1008,3
282827,1031,7
211392,1024,5
247175,1011,7
226659,1002,4
228126,1006,6
221961,1015,2
276344,1022,8
266044,1018,8
202899,1016,9
243477,1005,3
203372,1020,3
208730,1014,4
299795,1020,6
228446,1012,8
274450,1025,1
226416,1028,4
280448,1021,9
277206,1028,4
234747,1012,2
270548,1009,6
223163,1002,4
295739,1015,4
248735,1024,6
267855,1003,7
297022,1003,1
282774,1030,4
240895,1026,5
203735,1020,7
270606,1025,6
282583,1002,4
224491,1032,2
226668,1023,4
296006,1009,8
277894,1017,2
203166,1015,5
277129,1030,2
276025,1009,5
237227,1022,3
253590,1030,6
279370,1033,9
278176,1002,2
293265,1027,6
254890,1030,5
230946,1033,2
273363,1019,4
233455,1032,5
275416,1019,3
269912,1032,7
271560,1019,1
277071,1016,4
242635,1022,2
268559,1008,6
231362,1027,7
243959,1022,7
230629,1030,7
219725,1002,2
292514,1016,2
233597,1005,4
286360,1004,4
275387,1019,4
297706,1022,2
202409,1022,7
252187,1023,8
287223,1007,4
227655,1016,4
244455,1032,6
239256,1023,8
231448,1004,4
277193,1002,8
270058,1019,2
228388,1009,8
201790,1013,6
228492,1008,9
202590,1022,1
221394,1011,8
288293,1017,2
229107,1001,6
209304,1002,5
227065,1023,2
223054,1002,6
277538,1024,6
229282,1014,9
270015,1012,4
278308,1014,6
224553,1005,2
245250,1015,3
261256,1032,2
248103,1033,8
276441,1005,3
243881,1020,6
214043,1001,7
218036,1013,6
286284,1018,4
291471,1020,2
266622,1007,7
207459,1011,1
254290,1026,4
260182,1028,3
227068,1029,6
201001,1010,2
273082,1005,4
258905,1015,6
248106,1014,9
248845,1006,6
222709,1024,5
290220,1011,1
228700,1030,9
236759,1032,7
284363,1002,1
215643,1003,7
245306,1033,2
223140,1007,1
230835,1032,8
258472,1013,8
243983,1022,4
265755,1006,4
285018,1034,6
216369,1001,6
265395,1024,1
214775,1029,9
220041,1003,9
286314,1016,8
258025,1012,9
203697,1028,3
258577,1008,8
204259,1015,8
234012,1001,6
284174,1005,5
287772,1002,4
273164,1018,4
260480,1033,2
272222,1013,8
297675,1019,4
253404,1012,5
277751,1024,8
212066,1033,1
218750,1025,7
235709,1031,6
238129,1029,5
282049,1021,6
244491,1024,5
203111,1025,8
294617,1024,5
211513,1029,9
232100,1015,8
273471,1013,6
208636,1030,1
275135,1015,5
276612,1016,5
269913,1025,5
250649,1004,9
276251,1002,4
272010,1017,2
287032,1011,5
201059,1024,1
207281,1033,7
214942,1031,5
294927,1025,7
200543,1008,2
229886,1003,5
283723,1025,2
226318,1023,6
243873,1025,3
274590,1001,4
256931,1008,1
263250,1019,1
262044,1026,8
200526,1027,8
223051,1002,3
295091,1020,4
238218,1025,5
240503,1025,4
208489,1015,2
282679,1025,2
286569,1031,1
274101,1027,5
283318,1025,3
227152,1026,5
238171,1018,3
229276,1024,8
292746,1030,2
265176,1010,8
298517,1030,5
241423,1021,2
296903,1025,5
264117,1024,2
267461,1004,3
243388,1024,5
252196,1028,2
242858,1029,7
227010,1023,9
263508,1007,9
265126,1015,9
296775,1006,1
285755,1022,7
254223,1002,6
226195,1003,8
275068,1004,9
266012,1017,2
258143,1025,3
294981,1011,4
291944,1005,9
288049,1031,6
267180,1014,2
236978,1030,8
253444,1028,3
225551,1021,8
212465,1011,1
215110,1022,5
232779,1001,8
220411,1007,3
203064,1004,3
256565,1028,6
227834,1001,5
299256,1008,1
274494,1007,9
209142,1024,6
283313,1015,5
200717,1025,4
248105,1001,4
229361,1020,7
274629,1017,4
229364,1034,7
265644,1027,6
235984,1016,4
245027,1003,8
208619,1032,6
282332,1011,9
298903,1012,2
296148,1003,3
276600,1014,2
288100,1020,5
264163,1006,1
276494,1005,4
235346,1001,3
213471,1031,2
256491,1021,3
222135,1029,5
254754,1020,9
252379,1003,5
265513,1027,7
271758,1002,4
236206,1017,2
206438,1027,9
253100,1011,3
252599,1026,7
214956,1006,1
237218,1012,8
262738,1030,8
207399,1003,3
273284,1025,9
271369,1005,1
221779,1030,9
206946,1005,2
282776,1031,7
253294,1028,7
224282,1007,4
278717,1028,5
297430,1024,8
269244,1031,9
296511,1017,8
293390,1028,5
263943,1025,5
247543,1011,1
228430,1003,9
201223,1020,2
284103,1016,3
227290,1003,3
257631,1004,3
255346,1021,9
262197,1024,2
214016,1002,3
258787,1027,4
265902,1033,4
236046,1033,5
247616,1034,8
236815,1015,6
250413,1011,4
261166,1022,5
209799,1029,9
218808,1026,6
215384,1007,3
267937,1018,5
249011,1012,3
284873,1017,6
242777,1012,6
272953,1013,3
220739,1015,8
294203,1017,1
219195,1029,3
274387,1003,6
259548,1010,7
229997,1004,4
217487,1026,5
277271,1021,8
209208,1011,6
276477,1013,3
234401,1025,9
267614,1001,1
278187,1005,1
235762,1029,5
293383,1027,1
242351,1029,3
286509,1010,4
217751,1021,5
235927,1002,3
246895,1022,2
245906,1008,7
240191,1012,7
219948,1020,8
247526,1019,2
208621,1019,8
253559,1006,5
203018,1006,1
235979,1007,5
202729,1022,3
266129,1024,7
235144,1006,7
210016,1002,4
210101,1033,4
230314,1014,1
218388,1031,3
230130,1029,6
299375,1031,6
248021,1007,9
279943,1024,1
216828,1016,3
248584,1028,1
216034,1014,5
216481,1018,1
232227,1026,3
259638,1033,7
259744,1019,4
291578,1003,9
209293,1013,3
241108,1030,7
244974,1008,5
227286,1013,5
202904,1010,4
272169,1021,5
213807,1030,6
201459,1007,7
269126,1016,8
250486,1017,8
240320,1010,8
243089,1002,8
263278,1020,4
283154,1033,3
274892,1002,6
251212,1012,4
284561,1028,6
238016,1025,3
244769,1006,7
258940,1008,2
235219,1021,5
256776,1016,9
249868,1033,6
247089,1013,5
285814,1003,7
238494,1002,8
244891,1006,3
227823,1025,5
249946,1003,3
205941,1023,4
209104,1006,4
297640,1017,2
252901,1034,5
217285,1015,7
281087,1028,9
238702,1027,2
233317,1021,8
223114,1013,3
297701,1001,2
208806,1029,9
259978,1032,7
262269,1016,8
223003,1015,4
265262,1030,5
247195,1024,7
224949,1009,7
265729,1019,9
250763,1031,4
265870,1002,3
294725,1027,6
294001,1008,1
238907,1018,8
217520,1017,6
218184,1008,8
292511,1024,1
231897,1010,9
225294,1014,4
279085,1024,8
206326,1025,2
222218,1005,2
278479,1033,2
272046,1027,9
264412,1006,5
274015,1016,8
241220,1026,7
239083,1002,6
225207,1010,7
282179,1012,7
234461,1023,4
208100,1027,5
250909,1012,7
289724,1002,5
223273,1025,4
224137,1022,2
241891,1012,5
231292,1001,1
275782,1033,1
277498,1028,5
271527,1030,5
231969,1008,2
214822,1013,4
218846,1012,6
245611,1022,6
225692,1008,3
255555,1030,4
203258,1001,4
270625,1022,8
215663,1033,6
271909,1008,2
214520,1034,2
282578,1024,7
211611,1024,9
204660,1011,2
249942,1011,7
263593,1026,3
276927,1009,6
277380,1032,9
252635,1027,7
282852,1005,2
201260,1019,3
279383,1018,5
248563,1015,4
279684,1007,8
287878,1003,7
293535,1030,1
224684,1004,8
235256,1026,3
217949,1006,5
263498,1024,3
277187,1004,9
218761,1024,5
225684,1033,3
259616,1031,4
259720,1002,6
221389,1019,3
216403,1026,9
228645,1022,9
274077,1019,8
299529,1028,5
255643,1027,9
204247,1027,8
243146,1016,2
279240,1006,7
298755,1015,8
223478,1033,7
243364,1025,9
292921,1016,2
216636,1002,4
216879,1031,2
248114,1009,6
289585,1020,9
289681,1020,2
227151,1030,1
276242,1017,7
290401,1032,7
211662,1018,7
274682,1026,2
232850,1015,2
247183,1007,6
252666,1027,7
224002,1001,2
249539,1018,8
234284,1014,7
288613,1003,6
241033,1027,7
211885,1027,8
271880,1003,4
280331,1019,1
246495,1022,2
264600,1025,6
260976,1005,8
252684,1006,7
280053,1007,9
228399,1002,6
238007,1022,2
236602,1019,8
225349,1005,9
252932,1032,5
206108,1027,4
220057,1012,9
244032,1027,1
278545,1006,7
287697,1013,8
279700,1004,2
293413,1018,3
247706,1021,6
240839,1016,8
259809,1019,1
265101,1010,7
290953,1034,5
249185,1014,8
208457,1010,7
208691,1014,7
299040,1023,1
285372,1016,3
291688,1010,5
281525,1017,2
250523,1003,9
219697,1032,5
269454,1017,4
278059,1011,6
237586,1002,8
281097,1023,4
249076,1017,4
251970,1029,9
213755,1012,8
252197,1018,6
205640,1005,7
223762,1024,7
239311,1012,9
226793,1002,5
238186,1023,6
295509,1010,1
257583,1034,5
202045,1026,3
221205,1031,6
252034,1033,5
205728,1011,9
224039,1001,9
248222,1019,2
239694,1032,8
236444,1014,3
261492,1022,1
280491,1021,8
277783,1008,9
285693,1014,6
216974,1001,7
269338,1025,3
266007,1008,3
240674,1033,3
244042,1026,3
234335,1024,3
200733,1022,5
283711,1023,4
208215,1004,6
277282,1004,8
250766,1020,4
257019,1033,9
236261,1032,7
224274,1011,9
206039,1033,5
290242,1012,7
270162,1017,7
273597,1030,8
210132,1014,5
245924,1010,3
229748,1019,9
213632,1017,9
226983,1017,8
265313,1024,6
266347,1033,2
290556,1011,8
268007,1033,2
209631,1009,2
296471,1020,9
245377,1006,7
217368,1003,8
240261,1016,8
273712,1011,2
290565,1009,7
255152,1025,1
265416,1015,1
274813,1033,2
271335,1010,6
216774,1019,2
259919,1023,8
278037,1031,9
284568,1034,4
251387,1033,3
274525,1006,7
272833,1019,4
207906,1021,7
213459,1030,9
241172,1026,3
241560,1022,7
250302,1006,9
209411,1009,8
282030,1018,6
215063,1010,3
245106,1004,4
202590,1005,4
214279,1008,4
283389,1016,5
280710,1002,2
217909,1013,6
290745,1005,6
233519,1017,9
288826,1011,7
227097,1019,3
220427,1017,7
218149,1012,3
231444,1012,1
281111,1013,7
212883,1019,8
217776,1002,9
205577,1021,1
224666,1027,7
219793,1001,1
297165,1026,8
299673,1027,4
244466,1013,8
278028,1008,4
282966,1027,9
238482,1029,9
229184,1015,4
274705,1003,2
236751,1021,7
232257,1008,3
258409,1010,7
264122,1011,7
278198,1027,1
237663,1017,5
236257,1030,9
209805,1022,6
204393,1013,3
282358,1002,9
214949,1009,9
230694,1028,1
258840,1029,5
267040,1034,1
223674,1031,5
214129,1012,6
242364,1021,3
228712,1022,2
281092,1015,6
252130,1033,3
282438,1024,6
275972,1015,5
283986,1016,9
235377,1006,3
244493,1014,2
272291,1034,6
249310,1008,1
241533,1017,4
247157,1026,5
298722,1021,1
210344,1025,2
255393,1013,3
237128,1033,8
253352,1026,2
215806,1023,8
209456,1007,9
275241,1027,7
285562,1018,6
201474,1031,6
259279,1013,6
209354,1024,2
293367,1020,8
262310,1012,7
231293,1008,1
275281,1002,5
275046,1003,6
238237,1010,3
204139,1020,7
225974,1030,9
258772,1033,2
213585,1021,9
276333,1002,9
240042,1014,5
209097,1015,9
234068,1034,5
271044,1029,2
210989,1005,9
264778,1019,1
248795,1006,9
257290,1029,8
208359,1005,9
250740,1023,7
288347,1026,1
232372,1023,3
232750,1003,6
221714,1010,3
278665,1003,1
220361,1017,3
276610,1022,1
210608,1024,6
260521,1004,5
201378,1003,7
298763,1012,4
256098,1001,4
296346,1009,9
272913,1008,3
295021,1004,6
249437,1032,6
201971,1008,2
281954,1008,1
281215,1004,3
256111,1013,4
269304,1026,5
236759,1021,4
278076,1027,9
231993,1025,7
206006,1020,6
216935,1015,4
230220,1018,2
213310,1021,1
245533,1013,6
270728,1012,5
226024,1008,5
228041,1033,9
254194,1005,3
207077,1029,4
208513,1007,5
215944,1017,7
231883,1024,2
268194,1016,6
244336,1016,3
212012,1007,9
229683,1003,1
257868,1029,9
245524,1013,9
227086,1012,1
210863,1034,7
218597,1026,5
212846,1034,4
209030,1018,4
206539,1024,1
241818,1022,6
236776,1009,6
248154,1026,8
266100,1017,2
248038,1023,1
292446,1016,5
237961,1017,6
229631,1027,4
262010,1029,9
280984,1026,3
208306,1026,7
205307,1009,5
254343,1009,8
245233,1024,3
211448,1027,6
277484,1012,7
259336,1029,8
276204,1021,4
205449,1026,3
222187,1004,5
218147,1011,8
254580,1011,7
202714,1031,8
285078,1013,4
274967,1021,6
222499,1007,3
294976,1006,8
226497,1014,6
234671,1009,4
244234,1032,4
214442,1020,7
282312,1031,5
292486,1030,2
226778,1034,4
265117,1023,2
245886,1021,1
230240,1025,3
289159,1015,3
213103,1005,7
219355,1009,2
205197,1019,4
271955,1020,6
287508,1003,5
232248,1032,1
231951,1022,7
287436,1007,4
265716,1004,1
229559,1002,5
210410,1018,3
274257,1033,4
280382,1019,4
261808,1004,9
203548,1018,9
298935,1018,3
215551,1031,3
272158,1014,9
260490,1023,7
233063,1034,2
268279,1034,8
203363,1034,5
245526,1016,6
284309,1008,1
237301,1029,5
227561,1017,2
268657,1014,2
292498,1011,8
291288,1008,8
210242,1008,3
210922,1005,4
283855,1018,6
252960,1010,5
263542,1030,1
202506,1018,6
220186,1018,1
259899,1016,6
228356,1025,3
270534,1029,1
274991,1026,4
291507,1003,5
293952,1012,7
277479,1028,6
282005,1021,6
255671,1007,4
282302,1016,8
202760,1032,3
213848,1033,9
271701,1020,3
237953,1022,5
234029,1032,1
219272,1007,5
270235,1008,7
253965,1021,2
258104,1002,1
210915,1016,3
239185,1006,6
286774,1016,6
241559,1026,1
230753,1008,9
238963,1021,8
212404,1004,6
211911,1015,4
287542,1025,2
220214,1022,2
202252,1019,7
205146,1034,1
269132,1004,8
206939,1016,7
299180,1016,1
220036,1006,6
285001,1026,6
298968,1013,5
296648,1031,1
266079,1013,1
278101,1014,3
296360,1018,6
206418,1007,4
213892,1014,8
284317,1029,5
225334,1001,5
273882,1023,1
270082,1005,7
207279,1026,4
277937,1010,2
297889,1016,6
296854,1022,8
200693,1002,9
255198,1002,2
267655,1027,1
208477,1032,5
245271,1034,8
296365,1022,5
254520,1029,1
213954,1017,9
275169,1012,7
296418,1013,7
266596,1021,8
239010,1020,6
202619,1008,6
221420,1021,2
208805,1002,5
277662,1027,5
270512,1017,4
225499,1007,6
275758,1014,8
269395,1012,6
296959,1023,7
210475,1032,1
298838,1029,4
277132,1002,8
226732,1002,7
240081,1027,1
222584,1003,7
228336,1007,2
202233,1010,5
277917,1032,9
254377,1006,6
240778,1006,1
261978,1012,5
244260,1025,7
283835,1028,8
229341,1007,9
231089,1004,7
296977,1032,3
205665,1008,6
203127,1016,1
221397,1033,5
259838,1007,5
249445,1009,2
284028,1001,4
220631,1001,1
205485,1001,9
252602,1030,9
231646,1033,3
264370,1007,8
214092,1003,7
227782,1032,4
211542,1023,2
232228,1003,2
229805,1002,1
264553,1026,5
210099,1001,1
291442,1030,6
233415,1014,1
276015,1028,2
296176,1019,8
272504,1007,1
213978,1033,3
257556,1011,5
299830,1002,9
203263,1025,3
243388,1011,4
250805,1014,2
234512,1024,7
230275,1008,2
295940,1023,5
247498,1019,1
231957,1011,1
226524,1017,7
266605,1014,1
270103,1011,9
277063,1014,3
200468,1002,2
222023,1009,3
275225,1030,2
252415,1008,1
281266,1005,6
259596,1014,3
295990,1007,4
218709,1026,8
237363,1009,9
228420,1028,2
299209,1016,8
295041,1004,2
214102,1018,7
218050,1010,6
219850,1004,7
243591,1012,8
241357,1032,7
252651,1012,5
269925,1002,9
256670,1021,4
282996,1020,1
224718,1026,2
259006,1025,1
227390,1016,4
280646,1020,7
206657,1030,6
276622,1007,7
215338,1013,1
211663,1008,7
299463,1030,5
236542,1022,1
236595,1015,8
288235,1027,3
286568,1002,5
248733,1017,1
218870,1019,8
262160,1005,5
236508,1010,5
270418,1022,5
234117,1006,8
249752,1024,7
224701,1024,7
249301,1002,1
267041,1018,8
214204,1005,5
249756,1021,5
205179,1006,6
249811,1017,7
296019,1011,6
287878,1023,6
218040,1028,6
284422,1018,1
218047,1010,9
272382,1033,2
229033,1018,7
273907,1007,5
295434,1028,9
211132,1028,4
220104,1018,5
293747,1019,6
254261,1025,6
267785,1021,5
282105,1008,5
277259,1034,6
248424,1021,4
211860,1025,5
243459,1032,3
232129,1007,4
267960,1002,5
272286,1032,8
236974,1024,8
279919,1006,7
276578,1021,9
282884,1031,4
206304,1034,2
254952,1012,7
294274,1034,1
296393,1029,1
276483,1013,4
235278,1023,1
215056,1030,9
258289,1004,5
299313,1022,2
258810,1003,4
271711,1029,3
249738,1022,3
216886,1021,6
219634,1019,5
206310,1030,2
242206,1022,3
279827,1028,6
216982,1027,8
248142,1004,4
236326,1003,5
285949,1027,1
267324,1028,4
278132,1001,6
243681,1027,7
281770,1014,8
260541,1018,2
261751,1022,5
284934,1006,6
247106,1007,5
241937,1026,3
240109,1034,2
264433,1013,3
254066,1007,3
262078,1009,9
208697,1014,7
294450,1002,1
290033,1018,4
247763,1011,2
271494,1004,2
289668,1018,8
229804,1019,3
268063,1014,8
263500,1025,9
289461,1012,9
258008,1009,2
246954,1020,1
208622,1001,1
257211,1033,2
243940,1002,6
226369,1028,3
263639,1008,6
269228,1003,7
222276,1015,8
224886,1024,7
293423,1017,5
211718,1004,5
250409,1011,6
292035,1011,7
252103,1005,6
222995,1031,6
291897,1003,6
253560,1034,2
235999,1032,2
297897,1009,7
232246,1019,9
216638,1002,5
279824,1034,3
280603,1011,3
233115,1022,2
242745,1001,5
273227,1019,8
260543,1016,4
293969,1003,3
293857,1002,6
243191,1030,4
224656,1025,4
253842,1006,2
285221,1020,7
256729,1013,4
224622,1009,2
274248,1029,2
207425,1031,8
219008,1009,6
212788,1024,4
212542,1008,6
292872,1029,2
245909,1007,3
290783,1019,8
273342,1026,9
210283,1034,1
205125,1007,9
246062,1006,7
268014,1005,6
213552,1011,6
278517,1010,5
274050,1008,4
287876,1004,8
237796,1034,8
289570,1023,6
233100,1008,1
228001,1009,7
235684,1016,2
224055,1027,8
276128,1022,2
212848,1033,9
202742,1008,6
263113,1001,8
297678,1027,3
262483,1022,2
243570,1022,3
227071,1010,7
203323,1031,9
237925,1012,5
207859,1011,7
202480,1007,8
296138,1005,6
201734,1007,6
296537,1021,2
209133,1010,5
261855,1013,3
215185,1006,9
288342,1024,3
278460,1001,4
204862,1005,6
224402,1028,3
244168,1026,6
282217,1003,2
205281,1016,7
226095,1017,6
232446,1003,5
243076,1020,7
245957,1002,6
211676,1034,7
264756,1023,1
225185,1019,5
254768,1027,3
251978,1025,5
291804,1014,6
212928,1012,4
228716,1029,2
259207,1023,7
298482,1018,1
262969,1024,2
289585,1010,5
218513,1010,5
232768,1013,5
212022,1007,1
274078,1025,9
292427,1022,1
256606,1030,2
201531,1009,6
229083,1011,1
248512,1026,5
291934,1007,1
200781,1025,2
274940,1003,9
208050,1015,2
264791,1012,6
266287,1029,8
208504,1005,9
293429,1017,4
252769,1024,4
205450,1021,3
290925,1030,9
227150,1021,1
274752,1032,3
237724,1014,6
221830,1003,8
299483,1006,3
221295,1015,9
213008,1030,2
288058,1003,1
209627,1007,6
293382,1019,5
282409,1022,9
253627,1031,4
265414,1020,5
267713,1002,4
272882,1033,9
263711,1006,8
216442,1025,8
227248,1005,7
207212,1006,1
207643,1023,5
299557,1027,6
245618,1025,6
209810,1029,2
221184,1017,6
242422,1014,7
213878,1001,7
261612,1027,3
214140,1016,3
239355,1003,7
289047,1026,4
278216,1021,6
211146,1002,2
261849,1031,9
200608,1010,9
246828,1006,7
233353,1033,7
216770,1022,6
277519,1012,4
246378,1022,6
269925,1010,2
280197,1023,1
281965,1003,9
273539,1012,4
249162,1032,5
257490,1023,5
206087,1006,3
284979,1022,2
248485,1014,6
289914,1011,1
293685,1006,4
252584,1017,1
289583,1010,1
281479,1027,2
284550,1011,9
204925,1023,4
255761,1005,3
261912,1015,1
210941,1026,8
210362,1003,4
222270,1028,2
291515,1022,7
215137,1021,4
209109,1034,7
246342,1021,1
267236,1027,4
275676,1005,2
216020,1008,9
285852,1026,1
228075,1013,5
296530,1015,7
235879,1023,7
207879,1004,1
276358,1005,6
244291,1025,6
283419,1023,2
279073,1030,7
252030,1030,8
270439,1027,4
247701,1028,7
215231,1012,7
246412,1030,4
208494,1020,6
267394,1019,9
293205,1018,5
206909,1008,7
291037,1032,6
210153,1006,5
212930,1033,1
275245,1011,5
268721,1017,1
222611,1012,6
283581,1004,5
203104,1008,2
270707,1017,5
256173,1012,1
235863,1017,7
204538,1021,1
213014,1027,2
202864,1003,9
216220,1033,8
264457,1031,8
298915,1006,8
282603,1029,3
286399,1016,9
297422,1022,2
277143,1008,8
237004,1032,7
241667,1026,6
281940,1005,2
267554,1014,6
272579,1013,2
284233,1030,2
264914,1006,8
293423,1008,2
272875,1005,7
235068,1034,6
289414,1027,5
229637,1021,1
221002,1029,2
230874,1017,9
227731,1008,5
298313,1002,9
223613,1024,8
266536,1021,5
205859,1006,9
234395,1011,8
221048,1016,5
230558,1002,6
226330,1024,3
291851,1023,7
260054,1021,9
266530,1009,8
218198,1017,6
267037,1033,3
232964,1024,5
289935,1010,1
231579,1021,3
245908,1034,2
289789,1002,8
239455,1032,5
257688,1017,9
296868,1026,8
260811,1014,6
277411,1021,5
295893,1018,3
297812,1032,9
236037,1007,7
288683,1005,8
226417,1004,8
239164,1033,6
281289,1012,6
293340,1031,2
279988,1017,7
217175,1020,2
237689,1017,5
260224,1025,2
243129,1031,4
268217,1027,5
204459,1031,4
228401,1027,2
280907,1011,3
223345,1017,6
272448,1003,6
205159,1009,6
232509,1013,8
265220,1023,7
211374,1030,3
259235,1001,8
213766,1031,8
297866,1013,7
235371,1015,9
205365,1025,7
240490,1019,1
275780,1019,5
273707,1010,9
233181,1006,8
216074,1033,5
299793,1031,2
291836,1033,3
224389,1013,9
283645,1022,2
201113,1017,2
228230,1007,5
262789,1004,5
283002,1022,8
239419,1032,7
210964,1005,5
250659,1014,2
218562,1019,5
251781,1031,5
200600,1002,2
271426,1016,2
265657,1013,4
225965,1033,9
293833,1031,1
231167,1003,3
297997,1024,1
263508,1031,1
209701,1029,3
202368,1003,8
205363,1009,8
288704,1022,9
224087,1018,2
222357,1010,1
265629,1022,6
237183,1031,6
286664,1001,3
201537,1021,4
261351,1027,7
228619,1029,1
237727,1034,7
201749,1021,2
296749,1002,5
267123,1012,8
291340,1020,3
279797,1024,8
288272,1019,7
243415,1033,8
232838,1025,8
201768,1031,8
297119,1008,4
244070,1031,4
251778,1016,1
269254,1004,2
223022,1019,7
225580,1024,5
214967,1012,1
266943,1004,5
278092,1013,4
215288,1012,4
257316,1032,9
233094,1031,2
238259,1027,5
257453,1034,9
265642,1018,1
280601,1020,6
271363,1027,2
287956,1011,4
211161,1018,1
238000,1015,7
280340,1012,7
217489,1033,9
244390,1006,9
241611,1016,1
222391,1005,4
234955,1020,6
273882,1006,6
277898,1024,7
277362,1034,2
242451,1014,6
228617,1011,9
204321,1015,6
204910,1012,3
278042,1025,3
227599,1004,3
282836,1020,1
238995,1016,6
229773,1011,2
208293,1032,6
203264,1015,2
220572,1015,3
282289,1007,1
283515,1019,1
284223,1030,2
273207,1005,7
254045,1001,9
232827,1016,4
200935,1032,8
283773,1033,2
213384,1008,7
287945,1024,3
218954,1012,9
266206,1002,1
274309,1015,4
225692,1001,5
215544,1033,6
283829,1016,7
231529,1006,2
276936,1029,1
261012,1029,7
298797,1025,2
239750,1025,5
240456,1034,1
201115,1001,2
264472,1011,8
234229,1018,5
220300,1016,7
287815,1017,9
277578,1001,4
289905,1002,1
291129,1020,8
272332,1030,5
236378,1001,3
297621,1034,1
264653,1011,5
261218,1033,5
274558,1011,2
289214,1012,5
268642,1007,9
211995,1010,8
200960,1025,6
209969,1021,3
294227,1012,4
222613,1017,3
221387,1021,8
273894,1029,1
224070,1016,6
241844,1029,1
210433,1009,2
242208,1013,3
241065,1034,5
287415,1011,4
201902,1028,8
250605,1010,5
282899,1012,5
251497,1034,7
217196,1016,6
265303,1026,1
256650,1009,8
235275,1007,1
289530,1030,2
283051,1019,6
257759,1001,6
286124,1028,5
262703,1004,5
277939,1014,4
278924,1013,1
248176,1004,8
290399,1019,5
220043,1010,6
253411,1015,4
224814,1018,6
277592,1002,7
206695,1021,6
227725,1002,7
207986,1017,3
247676,1015,8
203228,1021,7
271543,1027,5
259962,1008,4
265842,1030,7
280290,1013,3
212224,1028,4
232194,1002,3
210313,1028,6
211541,1014,4
250743,1019,8
296286,1029,3
210080,1003,9
221291,1025,3
259992,1001,9
233809,1029,3
214656,1030,1
247252,1004,7
239624,1004,7
224006,1006,5
289002,1030,4
210106,1002,1
242109,1014,7
228165,1027,4
283694,1033,9
287824,1005,3
226021,1001,8
272284,1022,3
233135,1033,6
238832,1020,1
241110,1002,2
212997,1010,7
220731,1004,8
260257,1004,5
290380,1019,8
207326,1019,8
253581,1010,2
295737,1012,3
263002,1014,7
280489,1028,7
218381,1031,9
252863,1028,6
280368,1034,9
274444,1016,3
256628,1030,5
260535,1034,7
281318,1019,4
234153,1016,9
277382,1017,7
276820,1005,1
249060,1025,4
224050,1012,2
284563,1023,1
210355,1015,7
204268,1007,7
244386,1033,4
227971,1017,2
299518,1030,9
229356,1010,3
271460,1014,5
245185,1009,8
249182,1028,8
206661,1009,5
260402,1015,5
298278,1029,8
241820,1025,9
268659,1014,3
206203,1014,4
268817,1001,5
276200,1017,9
285830,1001,1
290151,1020,7
254134,1032,7
237105,1005,1
248563,1003,9
231199,1014,4
230144,1023,5
247159,1009,1
244732,1018,1
213588,1009,3
231783,1002,3
266960,1030,5
251751,1015,8
269061,1001,3
206168,1012,5
275478,1024,3
283598,1023,3
250473,1014,6
218018,1009,9
290781,1034,2
292338,1016,5
284368,1012,7
226109,1027,6
250224,1013,6
272873,1016,4
289473,1023,1
211129,1022,3
254532,1016,1
272784,1029,9
285807,1022,2
263793,1018,7
254751,1001,6
207735,1028,4
290570,1004,3
216825,1001,5
248416,1023,5
291265,1010,3
200500,1011,2
243826,1032,9
271786,1027,4
231495,1007,9
232313,1025,2
216533,1029,5
293773,1004,6
240630,1025,1
296433,1031,6
228989,1022,4
214615,1027,9
291412,1001,4
200825,1019,8
261243,1022,7
213299,1006,9
232497,1017,9
291530,1010,3
266693,1018,6
253210,1002,5
258537,1008,3
214222,1003,8
264893,1019,4
214206,1019,7
249146,1002,7
207770,1030,9
259512,1028,2
298457,1033,5
244597,1034,3
218817,1013,7
251011,1033,2
244456,1029,5
204427,1017,5
225710,1017,7
280897,1020,2
250029,1025,2
206020,1023,8
217181,1007,8
262340,1024,3
206997,1026,4
277497,1016,3
264240,1032,5
213646,1008,4
203386,1022,8
281463,1023,5
287992,1013,6
299700,1017,7
227642,1004,5
222293,1027,5
265320,1017,4
200937,1001,9
239515,1013,1
242364,1026,7
213263,1015,8
298628,1015,6
221763,1032,9
214096,1003,2
242834,1021,2
256969,1001,9
216438,1024,2
277152,1028,4
228886,1009,2
253359,1033,2
219967,1001,4
276056,1031,4
244183,1001,2
297061,1016,2
254268,1030,2
287257,1010,7
217004,1013,1
245518,1010,8
289850,1023,9
217837,1016,9
298274,1013,8
269053,1012,8
248312,1015,5
269522,1002,3
272672,1024,8
250674,1023,9
245476,1029,1
288265,1003,3
295585,1022,9
212811,1010,7
282480,1003,6
260875,1022,1
224964,1017,2
297575,1020,1
281138,1034,3
254257,1007,7
242800,1030,8
242375,1001,2
213370,1015,4
204647,1014,1
205043,1031,9
218892,1031,9
203014,1004,6
267870,1013,8
231136,1011,8
259053,1018,6
218977,1032,4
259106,1026,6
256781,1031,1
207858,1011,5
280116,1001,5
288563,1026,1
289094,1004,1
289861,1028,4
254900,1028,7
207542,1029,9
232778,1022,1
254728,1002,1
226164,1026,6
275033,1013,5
263536,1019,5
220307,1009,5
220947,1021,6
281709,1025,4
284110,1005,8
250570,1017,4
233111,1033,7
235673,1019,9
260074,1021,3
286453,1026,8
228175,1010,5
268710,1006,6
244540,1019,3
256259,1017,9
237581,1031,5
272479,1016,3
235010,1018,1
259342,1011,3
208610,1003,5
281579,1001,8
287233,1033,5
237903,1018,8
261241,1019,7
275796,1034,7
282336,1033,7
288215,1027,4
238687,1014,1
298074,1009,5
290415,1029,1
241526,1012,5
217426,1032,9
229038,1022,4
228599,1015,5
277589,1034,3
204936,1031,2
281923,1020,4
253853,1005,3
280841,1002,8
250977,1003,1
284135,1018,8
238543,1014,5
241440,1017,6
269753,1034,7
280035,1029,3
264521,1009,5
225441,1027,7
296243,1031,1
229723,1027,4
273970,1021,1
276570,1009,1
299262,1021,6
299951,1022,9
215074,1027,4
261750,1011,4
216936,1010,5
256006,1032,6
290665,1006,5
212386,1024,7
287809,1009,2
279043,1015,2
244744,1003,2
232970,1024,9
297620,1032,6
262024,1023,8
210212,1028,4
278526,1017,1
293402,1022,6
299808,1033,8
263196,1001,7
273047,1001,3
298273,1032,8
276280,1010,6
246279,1021,7
262352,1001,4
294116,1034,5
246547,1024,9
259976,1032,7
206015,1024,8
219500,1029,6
284381,1002,4
254701,1002,1
273665,1014,2
224740,1020,9
292208,1023,6
256000,1015,3
235577,1015,4
276165,1006,8
204040,1016,9
249860,1008,6
223998,1005,9
221237,1006,5
281872,1031,5
286916,1027,3
249607,1032,8
262870,1027,5
216966,1033,6
253024,1005,6
227930,1004,4
244663,1019,5
276376,1015,8
268868,1026,2
206918,1011,3
208318,1009,2
276606,1002,3
288840,1023,5
257605,1017,9
243008,1026,1
238229,1015,9
243114,1001,3
276605,1023,3
233862,1011,3
248943,1025,8
259364,1004,8
293998,1020,6
214559,1025,7
290654,1030,3
200281,1013,1
288167,1012,4
290983,1018,3
274595,1008,3
294500,1023,4
215081,1007,1
202382,1011,7
245179,1023,7
259771,1029,8
246800,1004,7
275628,1001,4
299417,1017,3
253187,1033,4
248445,1034,6
248699,1012,6
200383,1016,5
223642,1012,5
298315,1022,1
208188,1002,8
215097,1034,3
247815,1029,3
286241,1005,7
291786,1026,4
297971,1017,7
274376,1015,7
255160,1001,8
211159,1013,9
292012,1009,6
279013,1027,8
276763,1020,8
298656,1019,5
232004,1019,9
297521,1031,4
234566,1018,1
286084,1011,1
202176,1019,9
227706,1008,7
245970,1023,6
254456,1011,6
237210,1005,3
242736,1014,9
263298,1003,5
230904,1003,4
207777,1006,4
224492,1002,8
234698,1004,4
223686,1014,1
234585,1027,7
278892,1032,5
258083,1001,8
208634,1022,1
247654,1014,8
220594,1008,2
234037,1032,7
211665,1029,4
209142,1015,4
293249,1027,7
245508,1034,7
243941,1034,5
257373,1026,7
227026,1017,7
297958,1008,8
224882,1032,6
207076,1023,2
292241,1014,9
245354,1025,2
282352,1017,1
286000,1025,3
281736,1017,9
236949,1024,2
203903,1001,1
216754,1013,9
203816,1026,7
270658,1027,9
294256,1026,6
241934,1018,5
291552,1010,1
291453,1019,8
220003,1017,2
262425,1008,7
274218,1021,6
280720,1002,9
279535,1021,1
204802,1013,3
234150,1007,8
216443,1011,4
247379,1031,9
244989,1003,5
211015,1015,2
288020,1003,2
276698,1017,3
242648,1027,9
297570,1001,4
202736,1008,9
224209,1021,6
202599,1001,9
228033,1028,6
203244,1007,4
220027,1023,8
257812,1015,6
268928,1030,2
243091,1033,6
280312,1031,1
219584,1034,9
243767,1010,4
208898,1008,1
292709,1001,9
216427,1020,6
288045,1010,1
237751,1016,6
232444,1016,1
229568,1013,4
246983,1031,1
271563,1031,1
249962,1009,7
277408,1003,1
286112,1012,4
237812,1017,4
254904,1024,5
273690,1011,7
298661,1011,1
294613,1001,9
230240,1013,2
239437,1025,2
224707,1027,5
231693,1016,2
248170,1030,5
235881,1034,3
259098,1009,1
240374,1006,2
203752,1030,6
263427,1006,1
252661,1022,3
221104,1003,1
281465,1001,4
294577,1013,6
209395,1030,2
295371,1010,9
267256,1001,2
220451,1032,4
240992,1029,7
224020,1012,1
271530,1016,8
246157,1014,9
247984,1013,6
213477,1008,4
285148,1029,6
299252,1017,1
265921,1001,2
240015,1012,9
216272,1019,2
299406,1022,1
206858,1034,8
263515,1013,8
213592,1003,4
293854,1007,2
240400,1033,4
205127,1008,9
216463,1019,2
231970,1020,6
288716,1018,3
242001,1025,2
298841,1022,9
232764,1025,9
263246,1003,1
257709,1004,7
205786,1034,5
215777,1013,3
260559,1019,9
249042,1022,5
262901,1025,9
261841,1030,2
201361,1010,9
252237,1016,3
253653,1029,4
233481,1032,7
218664,1028,7
224388,1002,6
215452,1021,7
254048,1007,2
274556,1030,6
271442,1027,2
291469,1032,6
254543,1020,4
226716,1031,6
269696,1028,9
298270,1031,1
228645,1006,4
295040,1028,5
215318,1034,5
281171,1003,1
294290,1022,2
216263,1007,5
203438,1024,2
241483,1022,8
229754,1027,6
264826,1031,5
244252,1031,5
295623,1004,3
256469,1008,9
211836,1031,5
247537,1017,9
222341,1010,8
298665,1019,6
251445,1021,4
242941,1003,9
231615,1007,3
259660,1032,7
295313,1015,3
287433,1033,7
243867,1012,8
238061,1027,6
261513,1023,1
263714,1009,9
236890,1010,4
257840,1013,1
241233,1024,4
284765,1016,6
269976,1022,7
247126,1004,4
282462,1011,2
275894,1019,7
264064,1033,9
268437,1006,9
264411,1008,6
256095,1009,9
292887,1015,6
274135,1005,8
285845,1029,5
264176,1028,7
206743,1033,2
205080,1005,8
261187,1017,8
269684,1032,3
215526,1027,1
260913,1009,5
287383,1012,7
215609,1003,1
243446,1012,9
291923,1013,9
268954,1016,9
223075,1006,5
205230,1032,6
298165,1006,3
289975,1030,1
210820,1001,5
262904,1034,5
291864,1005,2
216507,1029,2
214558,1027,7
203764,1011,2
233795,1009,5
228201,1021,3
202290,1022,7
270034,1001,1
222250,1028,1
271304,1008,6
285600,1004,3
219902,1020,6
250751,1029,6
223151,1010,4
262239,1008,2
286639,1034,3
264967,1003,1
268160,1026,4
274465,1021,5
208817,1027,7
245112,1024,3
290353,1006,7
275782,1027,4
239455,1017,8
205044,1003,9
209989,1014,9
201138,1022,3
224878,1031,4
293056,1027,9
283544,1004,4
247900,1031,4
245502,1005,8
230033,1033,9
287518,1001,3
270280,1025,3
225958,1028,1
298016,1005,7
283202,1018,6
234991,1009,4
291849,1022,1
243898,1021,9
280347,1020,3
252508,1023,8
263331,1017,9
273404,1027,2
247611,1019,9
282252,1002,7
274182,1028,2
220124,1034,6
267243,1008,8
258300,1014,5
240939,1008,8
295887,1011,6
272117,1028,6
220299,1010,5
265231,1007,9
230422,1014,2
245516,1025,6
284408,1018,1
275855,1016,3
292253,1012,8
296016,1008,6
245369,1033,7
290576,1019,3
233122,1018,9
219889,1011,3
279678,1012,5
203044,1011,4
259094,1030,5
219581,1030,1
270081,1029,9
254733,1001,6
260088,1007,8
265489,1034,5
265944,1033,9
248832,1007,4
298153,1004,2
228273,1013,5
265255,1028,8
227600,1026,4
221756,1009,4
223832,1004,7
228100,1033,8
286591,1004,3
266501,1023,3
294600,1011,6
270259,1015,1
215278,1030,5
266088,1003,2
276808,1005,7
215451,1011,7
244855,1003,3
294373,1018,1
253429,1032,2
227302,1014,9
268001,1014,7
266519,1011,8
215393,1019,8
248433,1024,7
267362,1003,8
256670,1008,1
294353,1020,6
226561,1018,1
255951,1015,4
247886,1001,7
217847,1015,3
273109,1026,7
212040,1008,8
208907,1011,7
247481,1008,9
254798,1029,8
210996,1034,7
287836,1006,9
299374,1003,4
270358,1004,6
297285,1023,4
224565,1017,9
204503,1026,7
218277,1030,9
245034,1024,2
286247,1018,5
221927,1017,5
250411,1026,7
254031,1002,9
271763,1019,2
230586,1003,4
270928,1027,7
277640,1001,7
268481,1019,2
258110,1003,8
284551,1022,7
215237,1018,9
219649,1033,7
205074,1014,2
294458,1033,3
255666,1010,8
260853,1032,9
200293,1029,7
290312,1008,8
229235,1024,2
231112,1025,6
209751,1018,4
235527,1003,7
257364,1013,1
239922,1027,5
279081,1007,7
270672,1024,9
289595,1012,2
268138,1016,9
225509,1002,5
268394,1010,3
208678,1008,1
239201,1007,6
285417,1018,6
293486,1018,4
259729,1023,4
229862,1012,6
274307,1032,6
209750,1022,2
297888,1005,4
218902,1031,1
220400,1019,9
219612,1016,6
239563,1030,8
212733,1011,3
250167,1019,1
223899,1030,6
226340,1027,6
263437,1006,6
297507,1019,8
254798,1002,9
220578,1024,1
263623,1016,5
286032,1019,9
219314,1027,9
290500,1033,5
293808,1004,3
235934,1017,6
292334,1007,7
289942,1023,1
227163,1009,7
228834,1011,6
289495,1025,4
270234,1032,6
280737,1032,8
201031,1001,5
261846,1025,5
275139,1032,7
276691,1021,7
232222,1025,8
213249,1034,8
279295,1005,4
215479,1008,1
287216,1020,9
203990,1023,1
298052,1020,5
222134,1018,7
261828,1005,1
227529,1014,9
200344,1020,4
246688,1007,9
266507,1016,1
217122,1012,1
247693,1001,7
244551,1034,2
234970,1005,8
261844,1022,9
284532,1028,8
203706,1023,1
297873,1009,6
255276,1022,9
236758,1029,3
241220,1025,9
228881,1021,3
239853,1012,8
240798,1021,2
288386,1012,6
257614,1033,6
267814,1002,6
291139,1013,9
238526,1025,2
294111,1008,2
269616,1015,9
286533,1024,5
295437,1030,9
256530,1016,7
230570,1033,8
237227,1010,3
279059,1016,7
223372,1017,7
278905,1021,7
251650,1033,8
230778,1030,8
294440,1001,3
267863,1003,2
236204,1018,6
275793,1022,2
234137,1033,3
222663,1025,1
219339,1024,9
260045,1016,1
226678,1034,5
274277,1011,4
245448,1017,7
292216,1001,5
231257,1021,6
259783,1021,4
241732,1007,5
258529,1023,9
205376,1031,9
247885,1016,7
247835,1031,3
294889,1017,9
277639,1011,5
256270,1027,2
285370,1022,1
259965,1010,7
273876,1004,8
212440,1025,9
247504,1020,5
249565,1005,8
239742,1007,4
293066,1003,6
292383,1015,8
255900,1009,6
296270,1013,5
219618,1026,1
247167,1022,2
257200,1032,9
208664,1030,5
263360,1026,2
220050,1012,8
234126,1011,9
288032,1023,2
273730,1025,1
291634,1025,1
230405,1033,2
235197,1028,5
272716,1029,2
239955,1029,4
264139,1022,9
223122,1031,1
268125,1030,2
203535,1029,3
254284,1018,6
258481,1015,6
241006,1017,9
233926,1013,2
263365,1001,8
264994,1004,2
275107,1032,3
250273,1003,9
257360,1029,1
251757,1032,7
275574,1027,9
288160,1033,2
296504,1015,4
224006,1021,9
217694,1024,4
234161,1004,1
258545,1018,6
242652,1018,2
242560,1026,4
202130,1021,8
243854,1023,5
240320,1024,9
240112,1025,9
289421,1002,3
260843,1033,8
293057,1001,9
284559,1033,4
226257,1018,4
228325,1024,7
216889,1015,4
279105,1027,2
214168,1013,4
201260,1030,6
236707,1011,1
255994,1015,6
238177,1030,9
297694,1011,5
286066,1023,3
280064,1021,2
261386,1008,5
297935,1029,6
213084,1020,1
213154,1005,6
299138,1034,6
209106,1015,6
269717,1019,7
271888,1026,8
259089,1030,9
294384,1017,8
277978,1005,9
233227,1001,2
205581,1024,1
266085,1014,1
207486,1011,8
258204,1009,3
259713,1016,8
217774,1012,4
272909,1034,5
296968,1006,9
283698,1027,8
287978,1009,8
262738,1008,5
233223,1001,8
268560,1002,5
278864,1007,7
288642,1026,7
245364,1012,5
219000,1023,8
290202,1025,1
253496,1023,9
267279,1020,8
297192,1023,1
221573,1002,5
278200,1031,8
233670,1028,7
270485,1030,4
291823,1024,5
216423,1034,7
238097,1034,3
256772,1032,2
297238,1009,9
243825,1024,1
215348,1005,6
247726,1030,8
280202,1025,6
253074,1004,1
242110,1025,8
281025,1028,3
296794,1004,3
255597,1008,9
216758,1024,4
200477,1005,1
298494,1015,6
286225,1025,2
250459,1020,3
224700,1023,5
259917,1002,4
232058,1025,6
234287,1033,3
262108,1007,8
287637,1031,7
298168,1030,3
203550,1013,9
265546,1014,9
277800,1025,8
252942,1030,2
242922,1010,9
269258,1016,1
260894,1025,4
211123,1029,6
209746,1010,7
281562,1025,3
210528,1005,7
209332,1023,7
216325,1021,9
238258,1009,3
215062,1011,6
255928,1028,8
238052,1025,6
234099,1004,2
222233,1009,3
273586,1014,5
247048,1016,7
210539,1031,7
257048,1031,5
212223,1004,1
236135,1006,9
279391,1033,8
292798,1029,9
239795,1015,4
217965,1030,5
230612,1025,2
249307,1026,3
290396,1016,2
265644,1033,8
247812,1018,9
298726,1003,6
200380,1010,6
206452,1029,4
210580,1017,7
227407,1011,1
205123,1019,7
237671,1021,2
289437,1018,1
286953,1030,4
243559,1031,1
299262,1033,8
204146,1009,9
276170,1022,2
273910,1033,5
200194,1018,3
243961,1034,6
204296,1024,2
298343,1033,7
225892,1010,6
240299,1008,3
267879,1031,2
263338,1005,5
224370,1008,8
258742,1020,5
273953,1002,4
203076,1004,7
296932,1030,8
232040,1006,6
270109,1012,5
247485,1027,5
295472,1005,3
210538,1023,9
248669,1025,4
207967,1019,5
272714,1006,5
201293,1034,9
283732,1013,4
234937,1034,7
216240,1024,1
222648,1023,1
253443,1015,8
210774,1017,6
230743,1017,1
205631,1002,8
228335,1008,5
229634,1015,1
290112,1007,3
256565,1024,9
226180,1004,5
227945,1028,8
293513,1017,5
236506,1014,5
293149,1006,2
260347,1003,5
297962,1017,6
287042,1011,3
286811,1013,2
262505,1023,1
218718,1009,2
231069,1009,7
265080,1008,9
242551,1001,4
281437,1010,4
216873,1031,1
253230,1025,5
251142,1005,1
264133,1032,7
243854,1011,7
229404,1022,3
279224,1012,2
209493,1029,4
212200,1007,4
222906,1002,1
292278,1016,2
211460,1033,9
281247,1018,7
227988,1030,3
258953,1031,4
216821,1011,5
205687,1027,3
268255,1029,1
234452,1028,4
276762,1024,6
215264,1014,7
296980,1007,7
237839,1027,8
221724,1014,7
269517,1027,6
288985,1005,9
200969,1005,2
290961,1004,6
205685,1017,5
251884,1007,2
247670,1030,8
247854,1019,4
246342,1009,1
252283,1016,6
235844,1026,1
266696,1021,2
253615,1006,2
255058,1002,2
242980,1016,5
292084,1029,8
252416,1015,4
237287,1012,6
275436,1027,8
256174,1007,6
240800,1018,3
255779,1003,7
266928,1009,5
293492,1013,9
274853,1016,8
277302,1027,1
218450,1004,5
222495,1005,9
261473,1016,2
201111,1011,9
213557,1022,5
258182,1026,1
261887,1006,1
240404,1001,5
248609,1010,6
271307,1016,8
273199,1032,8
261591,1030,2
216909,1022,3
229114,1023,5
210325,1011,1
299882,1004,2
259585,1027,5
259302,1003,2
239986,1005,8
212493,1016,6
275272,1007,7
268728,1006,1
238154,1015,4
214685,1020,6
215361,1027,5
215991,1001,4
297953,1012,7
